-- phpMyAdmin SQL Dump
-- version 5.2.1
-- https://www.phpmyadmin.net/
--
-- Host: localhost
-- Tempo de geração: 12/06/2024 às 22:39
-- Versão do servidor: 11.3.2-MariaDB
-- Versão do PHP: 8.3.7

SET SQL_MODE = "NO_AUTO_VALUE_ON_ZERO";
START TRANSACTION;
SET time_zone = "+00:00";


/*!40101 SET @OLD_CHARACTER_SET_CLIENT=@@CHARACTER_SET_CLIENT */;
/*!40101 SET @OLD_CHARACTER_SET_RESULTS=@@CHARACTER_SET_RESULTS */;
/*!40101 SET @OLD_COLLATION_CONNECTION=@@COLLATION_CONNECTION */;
/*!40101 SET NAMES utf8mb4 */;

--
-- Banco de dados: `integradas`
--

-- --------------------------------------------------------

--
-- Estrutura para tabela `alunos`
--

CREATE TABLE `alunos` (
  `id` int(11) NOT NULL,
  `nome` varchar(100) CHARACTER SET utf8mb3 COLLATE utf8mb3_general_ci NOT NULL,
  `ra` varchar(10) NOT NULL,
  `modulo` varchar(2) NOT NULL,
  `email` varchar(100) NOT NULL
) ENGINE=InnoDB DEFAULT CHARSET=utf8mb4 COLLATE=utf8mb4_unicode_ci;

--
-- Despejando dados para a tabela `alunos`
--

INSERT INTO `alunos` (`id`, `nome`, `ra`, `modulo`, `email`) VALUES
(1, 'ADEMIR PAVINI JUNIOR', '06620157', '8', '.'),
(2, 'ADRIEL SOUZA PEREIRA DA SILVA', '06620175', '8', '.'),
(3, 'ALEXSANDRA RUFINO', '06620096', '8', '.'),
(4, 'ALICE SCAGLIONE DOS SANTOS', '06620166', '8', '.'),
(5, 'ALINE RIBEIRO MARTINS', '06620097', '8', '.'),
(6, 'ANA CAROLINA DE OLIVEIRA ZUKOVSKI', '06620120', '8', '.'),
(7, 'ANA LETÍCIA BETTONI', '06620121', '8', '.'),
(8, 'ANTONIO JUNIO CORREA DE SOUSA', '06620098', '8', '.'),
(9, 'ANYARA DE MORAES BRITO', '06620139', '8', '.'),
(10, 'ARTHUR HENRIQUE ZILI', '06620140', '8', '.'),
(11, 'BARBARA OLIVEIRA MARTINEZ', '06619092', '8', '.'),
(12, 'BARBARA SEMEGHINI CAPUTO', '06621569', '8', '.'),
(13, 'BEATRIZ BESSI PRADO', '06620122', '8', '.'),
(14, 'BRUNA COLOMBO BAPTISTA', '06620123', '8', '.'),
(15, 'BRYDA BARRETO CUNHA', '06620086', '8', '.'),
(16, 'CAIO DIDONÉ VALLORY', '06620170', '8', '.'),
(17, 'CAMILA ASSIS DE ARAUJO', '06620012', '8', '.'),
(18, 'CARLOS GABRIEL PIRES', '06620151', '8', '.'),
(19, 'CARLOS GILBERTO MASSARI FILHO', '06620171', '8', '.'),
(20, 'CECÍLIA BARACAT MAGALHÃES', '06620141', '8', '.'),
(21, 'CLARISSE RIGON MALLACO', '06620163', '8', '.'),
(22, 'DENILSON DONIZETI TEIXEIRA JUNIOR', '06620124', '8', '.'),
(23, 'FLAVIO AUGUSTO ALVES MANGILI', '06620100', '8', '.'),
(24, 'GIOVANA DI IORIO BELLAROSA', '06620142', '8', '.'),
(25, 'GIOVANA SALARO BOTELHO', '06620125', '8', '.'),
(26, 'GIULIA GIACOMETTI ROSSI', '06621556', '8', '.'),
(27, 'GUSTAVO GONÇALVES BARBOSA DE OLIVEIRA', '06622604', '8', '.'),
(28, 'HENRIQUE NEVES RAVENNA PICAZO', '06620126', '8', '.'),
(29, 'HUGO RIGHI', '06620111', '8', '.'),
(30, 'IAN RABELLO BARTOLOMEI', '06620112', '8', '.'),
(31, 'ISABELA DA SILVA SPADÃO', '06620167', '8', '.'),
(32, 'ISABELLA DE CARVALHO MOLINA', '06620128', '8', '.'),
(33, 'ISABELLA SILVA PREMERO', '06620129', '8', '.'),
(34, 'ISADORA MEIRELLES RESENDE', '06620102', '8', '.'),
(35, 'JOÃO LUCAS VAZ SILVA', '06620114', '8', '.'),
(36, 'JOÃO VICTOR VICTÓRIO DUÓ', '06621564', '8', '.'),
(37, 'JULIA CAMARGO OSTROWSKY', '06620130', '8', '.'),
(38, 'JULIA LEMOS CARRASCOZA', '06620103', '8', '.'),
(39, 'JÚLIA LIBERATTI CATALANI', '06620131', '8', '.'),
(40, 'JULIANA SPINOLA SALINAS', '06620160', '8', '.'),
(41, 'LARISSA GONÇALVES PINTO', '06620132', '8', '.'),
(42, 'LETÍCIA SIQUEIRA DOS SANTOS', '06620143', '8', '.'),
(43, 'LÍVIA LINO POLLETTINI', '06620144', '8', '.'),
(44, 'LÍVIA ROJAS BRANDEMARTE', '06620133', '8', '.'),
(45, 'LUANA CAROLINA SILVA SANTOS', '06620172', '8', '.'),
(46, 'LUANA TAKEI', '06620168', '8', '.'),
(47, 'LUCAS ARIEL LOPES PIO', '06620105', '8', '.'),
(48, 'LUCAS ASAFE SANTIAGO', '06620154', '8', '.'),
(49, 'LUIS HENRIQUE CREPALDI BERTO', '06620115', '8', '.'),
(50, 'MARIA CAROLINE ZANQUETA', '06620106', '8', '.'),
(51, 'MARIA EDUARDA MENCK VIEIRA', '06620155', '8', '.'),
(52, 'MARIA EDUARDA MOROTI RONCARI', '06620173', '8', '.'),
(53, 'MARIA EDUARDA POSSIDONIO DE SOUSA', '06620161', '8', '.'),
(54, 'MARIA EUGÊNIA PEREIRA E SILVA', '06622602', '8', '.'),
(55, 'MARIA JULIA TONELOTTO BETTIN', '06620145', '8', '.'),
(56, 'MARIANA SCATENA GARCIA', '06620146', '8', '.'),
(57, 'MILENE DE OLIVEIRA SILVA', '06620156', '8', '.'),
(58, 'MONIQUE ANDRÉIA DE MIRA', '06620107', '8', '.'),
(59, 'PEDRO HENRIQUE RIBEIRO LOBO', '06620162', '8', '.'),
(60, 'RICARDO SISCAR IACHEL REINA', '06620136', '8', '.'),
(61, 'ROBERTA D ASSUNCÃO RODRIGUES', '06620148', '8', '.'),
(62, 'ROMANA ROMBALDI MARTINELLI', '06620117', '8', '.'),
(63, 'SAMANTHA SERRANO SILVA', '06620118', '8', '.'),
(64, 'THAÍS FRANCO SIMAS', '06620109', '8', '.'),
(65, 'THYAGO DE PAULA SOUZA SILVEIRA', '06620110', '8', '.'),
(66, 'VICTOR VACONDIO FACHINI', '06620164', '8', '.'),
(67, 'VICTÓRIA CLEMENTE MALDONADO', '06620174', '8', '.'),
(68, 'VICTÓRIA VOLPI', '06620137', '8', '.'),
(69, 'VINÍCIUS REIS SILVA', '06620169', '8', '.'),
(70, 'VITÓRIA BET', '06620113', '8', '.'),
(71, 'WESLEY CARLOS SILVA JUNIOR', '06620149', '8', '.'),
(72, 'ALEXANDRE VILELA DE MELO', '06621083', '7', '.'),
(73, 'ALVARO LUIS PINHEIRO LOPES', '06621001', '7', '.'),
(74, 'AMANDA FERREIRA SANTOS', '06621096', '7', '.'),
(75, 'ANA BEATRIZ TRENTIN DE MOURA ZAGO', '06621089', '7', '.'),
(76, 'ANA CLARA LONCHI BRETAS', '06621002', '7', '.'),
(77, 'ANA FLÁVIA DE OLIVEIRA ESCALHAR', '06618075', '7', '.'),
(78, 'ANA JÚLIA DA SILVA', '06621004', '7', '.'),
(79, 'ANA LAURA BORTOLINI COSTA', '06621081', '7', '.'),
(80, 'ANA LAURA FARDIN MOMESSO', '06621006', '7', '.'),
(81, 'ANDRÉ TIOSSO KARASAUSKAS', '06621007', '7', '.'),
(82, 'AUREA CRISTINA CANDIDO DE OLIVEIRA', '06621009', '7', '.'),
(83, 'BEATRIZ BICHARA MEDEIROS', '06621010', '7', '.'),
(84, 'BEATRIZ COSTA', '06621094', '7', '.'),
(85, 'BRUNA BORGES ROSSI', '06621077', '7', '.'),
(86, 'BRUNA GUAZZELLI VIDAL', '06622600', '7', '.'),
(87, 'CAIO BRAGA LIMA', '06621071', '7', '.'),
(88, 'CAIO HENRIQUE MARCONDES DE OLIVEIRA PIRES', '06621014', '7', '.'),
(89, 'CAROLINA SALDANI VIEIRA', '06621015', '7', '.'),
(90, 'DANIEL OLIVEIRA MATTOS', '06621078', '7', '.'),
(91, 'DANILA BLANCO DE CARVALHO', '06622550', '7', '.'),
(92, 'DANILA TERZIOGLO DOGNANI', '06621565', '7', '.'),
(93, 'EDUARDA RODRIGUES FERRAZ DE MELO', '06621017', '7', '.'),
(94, 'FERNANDA GARCIA', '06621022', '7', '.'),
(95, 'GABRIEL FAGUNDES DE OLIVEIRA', '06621070', '7', '.'),
(96, 'GABRIEL SOLON FERREIRA', '06621025', '7', '.'),
(97, 'GABRIELA ALVES SILVA DIAS', '06621090', '7', '.'),
(98, 'GABRIELA CRISTINA SILVA', '06621026', '7', '.'),
(99, 'GABRIELA FERREIRA MESTRINEL', '06621027', '7', '.'),
(100, 'GABRIELA GIMENES GARCIA', '06621028', '7', '.'),
(101, 'GIOVANA RAVAGNANI SEMENSATO', '06621092', '7', '.'),
(102, 'GIOVANNA FERRAZ ZUCOLOTO', '06621029', '7', '.'),
(103, 'GIOVANNA ROBERTA PAPACIDRO', '06621030', '7', '.'),
(104, 'GUILHERME MURARI FERRAZ CARLOMANHO', '06621031', '7', '.'),
(105, 'GUILHERME ZANARDI MEDEIROS', '06620101', '7', '.'),
(106, 'GUSTAVO COSTA FERRANTI', '06622556', '7', '.'),
(107, 'HELOISA GRAVENA BALDUINO DA SILVA', '06621085', '7', '.'),
(108, 'ISABELA COLLELA', '06623607', '7', '.'),
(109, 'ISABELA DE MORAES BERTOLINI MANO', '06621088', '7', '.'),
(110, 'JACKELINE LOUISE RODERO', '06621072', '7', '.'),
(111, 'JÉSSICA SOARES GOMES ACOSTA', '06621034', '7', '.'),
(112, 'JULIA RIBEIRO DE SOUZA', '06621038', '7', '.'),
(113, 'JULIANA JUSAN FERNANDES AZEVEDO', '06621039', '7', '.'),
(114, 'KAROLINE DE SOUZA QUEIROZ', '06621042', '7', '.'),
(115, 'LARA CRISTINA DE CARVALHO MARIANO', '06621044', '7', '.'),
(116, 'LAURA VOLPI NASSIF', '06621046', '7', '.'),
(117, 'LAYANE PIMENTA BAIÃO', '06621097', '7', '.'),
(118, 'LETÍCIA BRAZ JORDÃO', '06619137', '7', '.'),
(119, 'LETÍCIA CRISTINA SCARAPICCHIA MONTEIRO', '06621048', '7', '.'),
(120, 'LUCAS DELATORRE FURQUIM DE CAMPOS', '06621050', '7', '.'),
(121, 'LUIZA RUAS MORETTI', '06621051', '7', '.'),
(122, 'LUIZE BREDA DE QUEIROZ', '06621079', '7', '.'),
(123, 'MARIA JÚLIA PINHAL PACCHIONI', '06623602', '7', '.'),
(124, 'MARIANA TEIXEIRA FERNANDES', '06621056', '7', '.'),
(125, 'MARIO HENRIQUE ARRUDA VERZOLA', '06621566', '7', '.'),
(126, 'MATHEUS HENRIQUE ROBETE', '06621058', '7', '.'),
(127, 'PAULA SILVA SANT ANNA', '06621100', '7', '.'),
(128, 'PEDRO FERNANDES ROSSI', '06621103', '7', '.'),
(129, 'PEDRO HENRIQUE TROSTDORF GONÇALVES', '06620108', '7', '.'),
(130, 'PEDRO PERI CUGLER MOREIRA', '06621060', '7', '.'),
(131, 'RAFAEL DONIZETE SILVA ADRIANO', '06621101', '7', '.'),
(132, 'SAMIR DUARTE ROTTA', '06621099', '7', '.'),
(133, 'SOFIA JUSTINO DE FREITAS', '06622554', '7', '.'),
(134, 'ÚRSULA DO NASCIMENTO ÁVILLA', '06621064', '7', '.'),
(135, 'VICTOR HUGO DANTAS PEREIRA', '06621065', '7', '.'),
(136, 'VINICIUS MESQUITA ALVES', '06621074', '7', '.'),
(137, 'VITOR EMANUEL TADA IAMAGUISI', '06621066', '7', '.'),
(138, 'YNGRID MARIA OLIVEIRA SOARES', '06621075', '7', '.');

-- --------------------------------------------------------

--
-- Estrutura para tabela `areas`
--

CREATE TABLE `areas` (
  `id` int(11) NOT NULL,
  `nome` varchar(100) NOT NULL,
  `codigo` varchar(10) DEFAULT NULL,
  `modulo` varchar(2) NOT NULL
) ENGINE=InnoDB DEFAULT CHARSET=utf8mb4 COLLATE=utf8mb4_unicode_ci;

--
-- Despejando dados para a tabela `areas`
--

INSERT INTO `areas` (`id`, `nome`, `codigo`, `modulo`) VALUES
(1, 'Pediatria', 'null', '7'),
(2, 'Cirurgia', 'null', '7'),
(3, 'Hematologia', 'null', '7'),
(4, 'Cardiologia', 'null', '7'),
(5, 'Infectologia', 'null', '7'),
(6, 'Nefrologia', 'null', '7'),
(7, 'Urologia', 'null', '7'),
(8, 'Gastroenterologia', 'null', '7'),
(9, 'Dermatologia', 'null', '7'),
(10, 'Geriatria', 'null', '8'),
(11, 'Neurologia', 'null', '8'),
(12, 'Endocrinologia', 'null', '8'),
(13, 'Anestesiologia', 'null', '8'),
(14, 'Psiquiatria', 'null', '8'),
(15, 'Pediatria II', 'null', '8'),
(16, 'Pneumologia', 'null', '8'),
(17, 'Cirurgia II', 'null', '8'),
(18, 'Psicologia', NULL, '8');

-- --------------------------------------------------------

--
-- Estrutura para tabela `avaliacoes`
--

CREATE TABLE `avaliacoes` (
  `id` int(11) NOT NULL,
  `ano` int(11) NOT NULL,
  `semestre` int(11) NOT NULL,
  `modulo` int(11) NOT NULL,
  `avaliacao` int(11) NOT NULL,
  `descricao` varchar(100) NOT NULL,
  `gabarito` varchar(100) DEFAULT NULL
) ENGINE=InnoDB DEFAULT CHARSET=utf8mb4 COLLATE=utf8mb4_unicode_ci;

--
-- Despejando dados para a tabela `avaliacoes`
--

INSERT INTO `avaliacoes` (`id`, `ano`, `semestre`, `modulo`, `avaliacao`, `descricao`, `gabarito`) VALUES
(1, 2024, 1, 8, 1, '2024 | Sem. 1 | Mod. 8 | Aval.1 | Parte 1', 'ADCCCBDBCDADBCACBEDABAEACD'),
(2, 2024, 1, 8, 1, '2024 | Sem. 1 | Mod. 8 | Aval.1 | Parte 2', 'ABCDCCDAADCCCDACEBBCECDB'),
(3, 2024, 1, 7, 1, '2024 | Sem. 1 | Mod. 7 | Aval.1 | Parte 1', 'CAECDDDDBCECCADECDDDCECBA'),
(4, 2024, 1, 7, 1, '2024 | Sem. 1 | Mod. 7 | Aval.1 | Parte 2', 'CDCBBBADECBDDCADCAEADCEDC'),
(5, 2024, 1, 8, 2, '2024 | Sem. 1 | Mod. 8 | Aval.2 | Parte 1', 'ECEDCDDCADBDDBDBCBDBCEBAA'),
(6, 2024, 1, 8, 2, '2024 | Sem. 1 | Mod. 8 | Aval.2 | Parte 2', 'EDDABCCCCBEABACDACDBDCBCB'),
(7, 2024, 1, 7, 2, '2024 | Sem. 1 | Mod. 7 | Aval.2 | Parte 1', 'EBBDABBBCECEDBCABABCBDDBC'),
(8, 2024, 1, 7, 2, '2024 | Sem. 1 | Mod. 7 | Aval.2 | Parte 2', 'BADADCEDCBDBACBEDBACDCAED');

-- --------------------------------------------------------

--
-- Estrutura para tabela `de_para`
--

CREATE TABLE `de_para` (
  `id` int(11) NOT NULL,
  `ano` varchar(4) NOT NULL,
  `semestre` varchar(1) NOT NULL,
  `modulo` varchar(2) NOT NULL,
  `prova` varchar(1) NOT NULL,
  `id_pci` varchar(5) NOT NULL,
  `questao` varchar(2) NOT NULL,
  `area` varchar(2) NOT NULL
) ENGINE=InnoDB DEFAULT CHARSET=utf8mb4 COLLATE=utf8mb4_unicode_ci;

--
-- Despejando dados para a tabela `de_para`
--

INSERT INTO `de_para` (`id`, `ano`, `semestre`, `modulo`, `prova`, `id_pci`, `questao`, `area`) VALUES
(1, '2024', '1', '7', '1', '3', '1', '2'),
(2, '2024', '1', '7', '1', '3', '2', '2'),
(3, '2024', '1', '7', '1', '3', '3', '2'),
(4, '2024', '1', '7', '1', '3', '4', '2'),
(5, '2024', '1', '7', '1', '3', '5', '2'),
(6, '2024', '1', '7', '1', '3', '6', '2'),
(7, '2024', '1', '7', '1', '3', '7', '4'),
(8, '2024', '1', '7', '1', '3', '8', '4'),
(9, '2024', '1', '7', '1', '3', '9', '3'),
(10, '2024', '1', '7', '1', '3', '10', '4'),
(11, '2024', '1', '7', '1', '3', '11', '4'),
(12, '2024', '1', '7', '1', '3', '12', '5'),
(13, '2024', '1', '7', '1', '3', '13', '5'),
(14, '2024', '1', '7', '1', '3', '14', '5'),
(15, '2024', '1', '7', '1', '3', '15', '4'),
(16, '2024', '1', '7', '1', '3', '16', '4'),
(17, '2024', '1', '7', '1', '3', '17', '3'),
(18, '2024', '1', '7', '1', '3', '18', '3'),
(19, '2024', '1', '7', '1', '3', '19', '5'),
(20, '2024', '1', '7', '1', '3', '20', '8'),
(21, '2024', '1', '7', '1', '3', '21', '8'),
(22, '2024', '1', '7', '1', '3', '22', '8'),
(23, '2024', '1', '7', '1', '3', '23', '5'),
(24, '2024', '1', '7', '1', '3', '24', '8'),
(25, '2024', '1', '7', '1', '3', '25', '8'),
(26, '2024', '1', '7', '1', '4', '1', '6'),
(27, '2024', '1', '7', '1', '4', '2', '6'),
(28, '2024', '1', '7', '1', '4', '3', '6'),
(29, '2024', '1', '7', '1', '4', '4', '6'),
(30, '2024', '1', '7', '1', '4', '5', '3'),
(31, '2024', '1', '7', '1', '4', '6', '6'),
(32, '2024', '1', '7', '1', '4', '7', '6'),
(33, '2024', '1', '7', '1', '4', '8', '7'),
(34, '2024', '1', '7', '1', '4', '9', '7'),
(35, '2024', '1', '7', '1', '4', '10', '7'),
(36, '2024', '1', '7', '1', '4', '11', '7'),
(37, '2024', '1', '7', '1', '4', '12', '7'),
(38, '2024', '1', '7', '1', '4', '13', '5'),
(39, '2024', '1', '7', '1', '4', '14', '3'),
(40, '2024', '1', '7', '1', '4', '15', '1'),
(41, '2024', '1', '7', '1', '4', '16', '1'),
(42, '2024', '1', '7', '1', '4', '17', '1'),
(43, '2024', '1', '7', '1', '4', '18', '3'),
(44, '2024', '1', '7', '1', '4', '19', '1'),
(45, '2024', '1', '7', '1', '4', '20', '1'),
(46, '2024', '1', '7', '1', '4', '21', '9'),
(47, '2024', '1', '7', '1', '4', '22', '9'),
(48, '2024', '1', '7', '1', '4', '23', '9'),
(49, '2024', '1', '7', '1', '4', '24', '9'),
(50, '2024', '1', '7', '1', '4', '25', '9'),
(51, '2024', '1', '8', '1', '1', '1', '17'),
(52, '2024', '1', '8', '1', '1', '2', '17'),
(53, '2024', '1', '8', '1', '1', '3', '17'),
(54, '2024', '1', '8', '1', '1', '4', '17'),
(55, '2024', '1', '8', '1', '1', '5', '17'),
(56, '2024', '1', '8', '1', '1', '6', '13'),
(57, '2024', '1', '8', '1', '1', '7', '13'),
(58, '2024', '1', '8', '1', '1', '8', '13'),
(59, '2024', '1', '8', '1', '1', '9', '13'),
(60, '2024', '1', '8', '1', '1', '10', '13'),
(61, '2024', '1', '8', '1', '1', '11', '13'),
(62, '2024', '1', '8', '1', '1', '12', '13'),
(63, '2024', '1', '8', '1', '1', '13', '12'),
(64, '2024', '1', '8', '1', '1', '14', '12'),
(65, '2024', '1', '8', '1', '1', '15', '12'),
(66, '2024', '1', '8', '1', '1', '16', '11'),
(67, '2024', '1', '8', '1', '1', '17', '11'),
(68, '2024', '1', '8', '1', '1', '18', '10'),
(69, '2024', '1', '8', '1', '1', '19', '14'),
(70, '2024', '1', '8', '1', '1', '20', '18'),
(71, '2024', '1', '8', '1', '1', '21', '18'),
(72, '2024', '1', '8', '1', '1', '22', '18'),
(73, '2024', '1', '8', '1', '1', '23', '18'),
(74, '2024', '1', '8', '1', '1', '24', '18'),
(75, '2024', '1', '8', '1', '1', '25', '10'),
(76, '2024', '1', '8', '1', '1', '26', '10'),
(77, '2024', '1', '8', '1', '2', '1', '15'),
(78, '2024', '1', '8', '1', '2', '2', '15'),
(79, '2024', '1', '8', '1', '2', '3', '15'),
(80, '2024', '1', '8', '1', '2', '4', '14'),
(81, '2024', '1', '8', '1', '2', '5', '10'),
(82, '2024', '1', '8', '1', '2', '6', '10'),
(83, '2024', '1', '8', '1', '2', '7', '10'),
(84, '2024', '1', '8', '1', '2', '8', '11'),
(85, '2024', '1', '8', '1', '2', '9', '15'),
(86, '2024', '1', '8', '1', '2', '10', '15'),
(87, '2024', '1', '8', '1', '2', '11', '15'),
(88, '2024', '1', '8', '1', '2', '12', '12'),
(89, '2024', '1', '8', '1', '2', '13', '14'),
(90, '2024', '1', '8', '1', '2', '14', '14'),
(91, '2024', '1', '8', '1', '2', '15', '14'),
(92, '2024', '1', '8', '1', '2', '16', '11'),
(93, '2024', '1', '8', '1', '2', '17', '11'),
(94, '2024', '1', '8', '1', '2', '18', '12'),
(95, '2024', '1', '8', '1', '2', '19', '12'),
(96, '2024', '1', '8', '1', '2', '20', '16'),
(97, '2024', '1', '8', '1', '2', '21', '16'),
(98, '2024', '1', '8', '1', '2', '22', '16'),
(99, '2024', '1', '8', '1', '2', '23', '16'),
(100, '2024', '1', '8', '1', '2', '24', '16'),
(101, '2024', '1', '7', '2', '7', '1', '4'),
(102, '2024', '1', '7', '2', '7', '2', '4'),
(103, '2024', '1', '7', '2', '7', '3', '4'),
(104, '2024', '1', '7', '2', '7', '4', '6'),
(105, '2024', '1', '7', '2', '7', '5', '6'),
(106, '2024', '1', '7', '2', '7', '6', '4'),
(107, '2024', '1', '7', '2', '7', '7', '4'),
(108, '2024', '1', '7', '2', '7', '8', '6'),
(109, '2024', '1', '7', '2', '7', '9', '6'),
(110, '2024', '1', '7', '2', '7', '10', '6'),
(111, '2024', '1', '7', '2', '7', '11', '6'),
(112, '2024', '1', '7', '2', '7', '12', '3'),
(113, '2024', '1', '7', '2', '7', '13', '3'),
(114, '2024', '1', '7', '2', '7', '14', '3'),
(115, '2024', '1', '7', '2', '7', '15', '1'),
(116, '2024', '1', '7', '2', '7', '16', '3'),
(117, '2024', '1', '7', '2', '7', '17', '3'),
(118, '2024', '1', '7', '2', '7', '18', '1'),
(119, '2024', '1', '7', '2', '7', '19', '1'),
(120, '2024', '1', '7', '2', '7', '20', '1'),
(121, '2024', '1', '7', '2', '7', '21', '1'),
(122, '2024', '1', '7', '2', '7', '22', '1'),
(123, '2024', '1', '7', '2', '7', '23', '2'),
(124, '2024', '1', '7', '2', '7', '24', '2'),
(125, '2024', '1', '7', '2', '7', '25', '5'),
(126, '2024', '1', '7', '2', '8', '1', '2'),
(127, '2024', '1', '7', '2', '8', '2', '2'),
(128, '2024', '1', '7', '2', '8', '3', '2'),
(129, '2024', '1', '7', '2', '8', '4', '5'),
(130, '2024', '1', '7', '2', '8', '5', '5'),
(131, '2024', '1', '7', '2', '8', '6', '5'),
(132, '2024', '1', '7', '2', '8', '7', '5'),
(133, '2024', '1', '7', '2', '8', '8', '8'),
(134, '2024', '1', '7', '2', '8', '9', '8'),
(135, '2024', '1', '7', '2', '8', '10', '8'),
(136, '2024', '1', '7', '2', '8', '11', '8'),
(137, '2024', '1', '7', '2', '8', '12', '8'),
(138, '2024', '1', '7', '2', '8', '13', '8'),
(139, '2024', '1', '7', '2', '8', '14', '9'),
(140, '2024', '1', '7', '2', '8', '15', '9'),
(141, '2024', '1', '7', '2', '8', '16', '9'),
(142, '2024', '1', '7', '2', '8', '17', '9'),
(143, '2024', '1', '7', '2', '8', '18', '9'),
(144, '2024', '1', '7', '2', '8', '19', '9'),
(145, '2024', '1', '7', '2', '8', '20', '7'),
(146, '2024', '1', '7', '2', '8', '21', '7'),
(147, '2024', '1', '7', '2', '8', '22', '7'),
(148, '2024', '1', '7', '2', '8', '23', '7'),
(149, '2024', '1', '7', '2', '8', '24', '7'),
(150, '2024', '1', '7', '2', '8', '25', '7'),
(151, '2024', '1', '8', '1', '5', '1', '12'),
(152, '2024', '1', '8', '1', '5', '2', '12'),
(153, '2024', '1', '8', '1', '5', '3', '12'),
(154, '2024', '1', '8', '1', '5', '4', '10'),
(155, '2024', '1', '8', '1', '5', '5', '10'),
(156, '2024', '1', '8', '1', '5', '6', '10'),
(157, '2024', '1', '8', '1', '5', '7', '10'),
(158, '2024', '1', '8', '1', '5', '8', '10'),
(159, '2024', '1', '8', '1', '5', '9', '18'),
(160, '2024', '1', '8', '1', '5', '10', '18'),
(161, '2024', '1', '8', '1', '5', '11', '18'),
(162, '2024', '1', '8', '1', '5', '12', '18'),
(163, '2024', '1', '8', '1', '5', '13', '18'),
(164, '2024', '1', '8', '1', '5', '14', '17'),
(165, '2024', '1', '8', '1', '5', '15', '17'),
(166, '2024', '1', '8', '1', '5', '16', '17'),
(167, '2024', '1', '8', '1', '5', '17', '17'),
(168, '2024', '1', '8', '1', '5', '18', '17'),
(169, '2024', '1', '8', '1', '5', '19', '16'),
(170, '2024', '1', '8', '1', '5', '20', '16'),
(171, '2024', '1', '8', '1', '5', '21', '16'),
(172, '2024', '1', '8', '1', '5', '22', '16'),
(173, '2024', '1', '8', '1', '5', '23', '16'),
(174, '2024', '1', '8', '1', '5', '24', '16'),
(175, '2024', '1', '8', '1', '5', '25', '14'),
(176, '2024', '1', '8', '2', '6', '1', '12'),
(177, '2024', '1', '8', '2', '6', '2', '12'),
(178, '2024', '1', '8', '2', '6', '3', '13'),
(179, '2024', '1', '8', '2', '6', '4', '13'),
(180, '2024', '1', '8', '2', '6', '5', '13'),
(181, '2024', '1', '8', '2', '6', '6', '13'),
(182, '2024', '1', '8', '2', '6', '7', '13'),
(183, '2024', '1', '8', '2', '6', '8', '13'),
(184, '2024', '1', '8', '2', '6', '9', '13'),
(185, '2024', '1', '8', '2', '6', '10', '11'),
(186, '2024', '1', '8', '2', '6', '11', '11'),
(187, '2024', '1', '8', '2', '6', '12', '11'),
(188, '2024', '1', '8', '2', '6', '13', '11'),
(189, '2024', '1', '8', '2', '6', '14', '15'),
(190, '2024', '1', '8', '2', '6', '15', '15'),
(191, '2024', '1', '8', '2', '6', '16', '15'),
(192, '2024', '1', '8', '2', '6', '17', '12'),
(193, '2024', '1', '8', '2', '6', '18', '15'),
(194, '2024', '1', '8', '2', '6', '19', '15'),
(195, '2024', '1', '8', '2', '6', '20', '15'),
(196, '2024', '1', '8', '2', '6', '21', '14'),
(197, '2024', '1', '8', '2', '6', '22', '14'),
(198, '2024', '1', '8', '2', '6', '23', '14'),
(199, '2024', '1', '8', '2', '6', '24', '14'),
(200, '2024', '1', '8', '2', '6', '25', '14');

-- --------------------------------------------------------

--
-- Estrutura para tabela `resultados`
--

CREATE TABLE `resultados` (
  `id` int(11) NOT NULL,
  `ano` varchar(4) NOT NULL,
  `semestre` varchar(1) NOT NULL,
  `modulo` varchar(1) NOT NULL,
  `pci` varchar(1) NOT NULL,
  `id_pci` varchar(5) NOT NULL,
  `ra` varchar(10) NOT NULL,
  `nome` varchar(100) NOT NULL,
  `respostas` varchar(100) NOT NULL,
  `correcao` varchar(100) NOT NULL,
  `acertos` int(11) NOT NULL
) ENGINE=InnoDB DEFAULT CHARSET=utf8mb4 COLLATE=utf8mb4_unicode_ci;

--
-- Despejando dados para a tabela `resultados`
--

INSERT INTO `resultados` (`id`, `ano`, `semestre`, `modulo`, `pci`, `id_pci`, `ra`, `nome`, `respostas`, `correcao`, `acertos`) VALUES
(1, '2024', '1', '7', '1', '3', '06621058', 'MATHEUS HENRIQUE ROBETE', 'CCECDADEBCECCAAEDDADCECDA', '1011101011111101010111101', 18),
(2, '2024', '1', '7', '1', '3', '06622600', 'BRUNA GUAZZELLI VIDAL', 'CAEDDACDBCCCCADBDEDDCECDA', '1110100111011110001111101', 17),
(3, '2024', '1', '7', '1', '3', '06621071', 'CAIO BRAGA LIMA', 'CADCDACDBCCCCADCDDEDAEBDA', '1101100111011110010101001', 15),
(4, '2024', '1', '7', '1', '3', '06621014', 'CAIO HENRIQUE MARCONDES DE OLIVEIRA PIRES', 'AADBAABDBCDCCACECDEDBEBDD', '0100000111011101110101000', 12),
(5, '2024', '1', '7', '1', '3', '06621015', 'CAROLINA SALDANI VIEIRA', 'CADCDDDDBBCCCAECDDBCDECDA', '1101111110011100010001101', 15),
(6, '2024', '1', '7', '1', '3', '06621078', 'DANIEL OLIVEIRA MATTOS', 'CAECDAEDBCECCADCDDEDAECDA', '1111100111111110010101101', 18),
(7, '2024', '1', '7', '1', '3', '06621075', 'YNGRID MARIA OLIVEIRA SOARES', 'CAECDADDBBECCADBCDDEDEDDD', '1111101110111110111001000', 17),
(8, '2024', '1', '7', '1', '3', '06622550', 'DANILA BLANCO DE CARVALHO', 'CAECDAEDBCCCCADCDDADBEBDA', '1111100111011110010101001', 16),
(9, '2024', '1', '7', '1', '3', '06621565', 'DANILA TERZIOGLO DOGNANI', 'CAECDDCDBBCCCADCDDBDDEBDA', '1111110110011110010101001', 16),
(10, '2024', '1', '7', '1', '3', '06621017', 'EDUARDA RODRIGUES FERRAZ DE MELO', 'CABBAADEBDEACAEEDCBCAECDD', '1100001010101101000001100', 10),
(11, '2024', '1', '7', '1', '3', '06621022', 'FERNANDA GARCIA', 'CAAADADEBBCBCADBDDDDDEBDA', '1100101010001110011101001', 13),
(12, '2024', '1', '7', '1', '3', '06621070', 'GABRIEL FAGUNDES DE OLIVEIRA', 'CABBDAEEEECCCADBDDCDDEBDA', '1100100000011110010101001', 11),
(13, '2024', '1', '7', '1', '3', '06621025', 'GABRIEL SOLON FERREIRA', 'CCECDDDABCCCCADECDAEBACDA', '1011111011011111110000101', 17),
(14, '2024', '1', '7', '1', '3', '06621090', 'GABRIELA ALVES SILVA DIAS', 'CADCDADDBCCCCADBDDDDEECDA', '1101101111011110011101101', 18),
(15, '2024', '1', '7', '1', '3', '06621026', 'GABRIELA CRISTINA SILVA', 'CAEAEADDBBEBCADBDDCDCECDD', '1110001110101110010111100', 15),
(16, '2024', '1', '7', '1', '3', '06621027', 'GABRIELA FERREIRA MESTRINEL', 'CAECDDEDBBEDCADADDDECECDE', '1111110110101110011011100', 17),
(17, '2024', '1', '7', '1', '3', '06621028', 'GABRIELA GIMENES GARCIA', 'CAEBDDDDBCCCCCBEDEABCECDD', '1110111111011001000011100', 15),
(18, '2024', '1', '7', '1', '3', '06621092', 'GIOVANA RAVAGNANI SEMENSATO', 'CAEBDADDBBBCCABCCDCCCECDA', '1110101110011100110011101', 16),
(19, '2024', '1', '7', '1', '3', '06621029', 'GIOVANNA FERRAZ ZUCOLOTO', 'CAEADDDDBBECCADCDDCDCCBDC', '1110111110111110010110000', 16),
(20, '2024', '1', '7', '1', '3', '06621030', 'GIOVANNA ROBERTA PAPACIDRO', 'CAEDDADDBBDCDAEBDCECAECDA', '1110101110010100000001101', 12),
(21, '2024', '1', '7', '1', '3', '06621031', 'GUILHERME MURARI FERRAZ CARLOMANHO', 'CAECDADDCCCCCAABACADCEDBD', '1111101101011100000111010', 15),
(22, '2024', '1', '7', '1', '3', '06620101', 'GUILHERME ZANARDI MEDEIROS', 'AAECDADDBCECCADCCDCDCEBDD', '0111101111111110110111000', 18),
(23, '2024', '1', '7', '1', '3', '06621085', 'HELOISA GRAVENA BALDUINO DA SILVA', 'CABCDACDDBECCACDDABDCECCD', '1101100100111100000111100', 13),
(24, '2024', '1', '7', '1', '3', '06621088', 'ISABELA DE MORAES BERTOLINI MANO', 'CACBDDDDBBBCCADBCDCDAADDA', '1100111110011110110100001', 15),
(25, '2024', '1', '7', '1', '3', '06623607', 'ISABELA COLLELA', 'CADCDDDDCCECCADECDDDCEBDA', '1101111101111111111111001', 21),
(26, '2024', '1', '7', '1', '3', '06621072', 'JACKELINE LOUISE RODERO', 'CAEBDDDDBDDDCADCCDCACEBDA', '1110111110001110110011001', 16),
(27, '2024', '1', '7', '1', '3', '06621034', 'JÉSSICA SOARES GOMES ACOSTA', 'CAECDDDDBCECCACCCDEDCECDA', '1111111111111100110111101', 21),
(28, '2024', '1', '7', '1', '3', '06621038', 'JULIA RIBEIRO DE SOUZA', 'DAECDDDDBCECCACCCDCDCECDA', '0111111111111100110111101', 20),
(29, '2024', '1', '7', '1', '3', '06621039', 'JULIANA JUSAN FERNANDES AZEVEDO', 'CAECDADEBCACCADCCDACCEBDD', '1111101011011110110011000', 16),
(30, '2024', '1', '7', '1', '3', '06621042', 'KAROLINE DE SOUZA QUEIROZ', 'CBECDAEDBCCCCAEEDDCCBECDD', '1011100111011101010001100', 14),
(31, '2024', '1', '7', '1', '3', '06621044', 'LARA CRISTINA DE CARVALHO MARIANO', 'CACCDDCDBCECCADEDDCECECDA', '1101110111111111010011101', 19),
(32, '2024', '1', '7', '1', '3', '06621046', 'LAURA VOLPI NASSIF', 'DAECDBCDCCECCADCCDCECECDA', '0111100101111110110011101', 17),
(33, '2024', '1', '7', '1', '3', '06621077', 'BRUNA BORGES ROSSI', 'CAECDDCDBBCCCADCDDBDDEBDA', '1111110110011110010101001', 16),
(34, '2024', '1', '7', '1', '3', '06621094', 'BEATRIZ COSTA', 'CAECDADDBCDCCAECDDCDCECDA', '1111101111011100010111101', 18),
(35, '2024', '1', '7', '1', '3', '06621097', 'LAYANE PIMENTA BAIÃO', 'CAECDDEDBCEDCAACCDDEBECDA', '1111110111101100111001101', 18),
(36, '2024', '1', '7', '1', '3', '06619137', 'LETÍCIA BRAZ JORDÃO', 'DAEADDCDBCBCCABDCDBBDECBD', '0110110111011100110001110', 15),
(37, '2024', '1', '7', '1', '3', '06621048', 'LETÍCIA CRISTINA SCARAPICCHIA MONTEIRO', 'CAECDADDBDCCCADCCDBDCEBDA', '1111101110011110110111001', 18),
(38, '2024', '1', '7', '1', '3', '06621050', 'LUCAS DELATORRE FURQUIM DE CAMPOS', 'DAEADADDBCCCCAECDDCBCECDA', '0110101111011100010011101', 15),
(39, '2024', '1', '7', '1', '3', '06621051', 'LUIZA RUAS MORETTI', 'CAEBDDCDBCECCAECCDCECEDDD', '1110110111111100110011000', 16),
(40, '2024', '1', '7', '1', '3', '06621079', 'LUIZE BREDA DE QUEIROZ', 'DAECDDDDBCECCACCCDEECECDA', '0111111111111100110011101', 19),
(41, '2024', '1', '7', '1', '3', '06623602', 'MARIA JÚLIA PINHAL PACCHIONI', 'CAECDAAEACECCACBCBCCAECAE', '1111100001111100100001100', 13),
(42, '2024', '1', '7', '1', '3', '06621056', 'MARIANA TEIXEIRA FERNANDES', 'DAECDDDDBCECCACCCDEDCECDA', '0111111111111100110111101', 20),
(43, '2024', '1', '7', '1', '3', '06621566', 'MARIO HENRIQUE ARRUDA VERZOLA', 'CAEBDDAAECECCADCCECECEBBA', '1110110001111110100011011', 16),
(44, '2024', '1', '7', '1', '3', '06621100', 'PAULA SILVA SANT ANNA', 'CEEBDADDBBECCADBDDDDBECDA', '1010101110111110011101101', 17),
(45, '2024', '1', '7', '1', '3', '06621103', 'PEDRO FERNANDES ROSSI', 'CAECCADEBCEBCAACCDEECEBDD', '1111001011101100110011000', 14),
(46, '2024', '1', '7', '1', '3', '06620108', 'PEDRO HENRIQUE TROSTDORF GONÇALVES', 'CBEADBCDBBCBCADCDDECDCCDA', '1010100110001110010000101', 11),
(47, '2024', '1', '7', '1', '3', '06621060', 'PEDRO PERI CUGLER MOREIRA', 'CAECDADDBBECCADBCDDEDEDDD', '1111101110111110111001000', 17),
(48, '2024', '1', '7', '1', '3', '06621101', 'RAFAEL DONIZETE SILVA ADRIANO', 'CABADDDDBCEBCADBCDDDBEDDA', '1100111111101110111101001', 18),
(49, '2024', '1', '7', '1', '3', '06621099', 'SAMIR DUARTE ROTTA', 'CAECDADDBBDCCADBDDCDACCDD', '1111101110011110010100100', 15),
(50, '2024', '1', '7', '1', '3', '06622554', 'SOFIA JUSTINO DE FREITAS', 'CAECDDDDBCECCABEDDDDCECDE', '1111111111111101011111100', 21),
(51, '2024', '1', '7', '1', '3', '06621066', 'VITOR EMANUEL TADA IAMAGUISI', 'CADCDADEBCECCADDCADECECDA', '1101101011111110101011101', 18),
(52, '2024', '1', '7', '1', '3', '06621074', 'VINICIUS MESQUITA ALVES', 'CAEADBDDBBECCADBDDEBBECDA', '1110101110111110010001101', 16),
(53, '2024', '1', '7', '1', '3', '06621065', 'VICTOR HUGO DANTAS PEREIRA', 'CAECDADDBCECCADECDDDCECDA', '1111101111111111111111101', 23),
(54, '2024', '1', '7', '1', '3', '06621064', 'ÚRSULA DO NASCIMENTO ÁVILLA', 'CAECDADDBBECCADECDCDCECDA', '1111101110111111110111101', 21),
(55, '2024', '1', '7', '1', '3', '06621083', 'ALEXANDRE VILELA DE MELO', 'CBBDDBDDDCCCCADBABCBCEDDA', '1000101101011110000011001', 12),
(56, '2024', '1', '7', '1', '3', '06621001', 'ALVARO LUIS PINHEIRO LOPES', 'CBECDADDBCACCADCCBCDCECDA', '1011101111011110100111101', 18),
(57, '2024', '1', '7', '1', '3', '06621096', 'AMANDA FERREIRA SANTOS', 'CADCDADBBCCCCAEEDDAAEECDA', '1101101011011101010001101', 15),
(58, '2024', '1', '7', '1', '3', '06621089', 'ANA BEATRIZ TRENTIN DE MOURA ZAGO', 'CAECDDDDBCCDCADCDDBDCEADE', '1111111111001110010111000', 17),
(59, '2024', '1', '7', '1', '3', '06621002', 'ANA CLARA LONCHI BRETAS', 'CAECDBDDCCECCADBCDCDAECDD', '1111101101111110110101100', 18),
(60, '2024', '1', '7', '1', '3', '06618075', 'ANA FLÁVIA DE OLIVEIRA ESCALHAR', 'CAABDADDBCCCCAABDDDACEDDB', '1100101111011100011011000', 14),
(61, '2024', '1', '7', '1', '3', '06621004', 'ANA JÚLIA DA SILVA', 'CAECDADDBCCCCAEECEADBECDD', '1111101111011101100101100', 17),
(62, '2024', '1', '7', '1', '3', '06621081', 'ANA LAURA BORTOLINI COSTA', 'CAEBDBCABCECCAAEDBCCDEBDC', '1110100011111101000001000', 12),
(63, '2024', '1', '7', '1', '3', '06621006', 'ANA LAURA FARDIN MOMESSO', 'CCEADADDBCECCACCDDCCDECDA', '1010101111111100010001101', 15),
(64, '2024', '1', '7', '1', '3', '06621007', 'ANDRÉ TIOSSO KARASAUSKAS', 'CADCDADDBCECCADBDACDCECDD', '1101101111111110000111100', 17),
(65, '2024', '1', '7', '1', '3', '06621009', 'AUREA CRISTINA CANDIDO DE OLIVEIRA', 'CBBBDBADBDCCCADBCDCACECDA', '1000100110011110110011101', 14),
(66, '2024', '1', '7', '1', '3', '06621010', 'BEATRIZ BICHARA MEDEIROS', 'CAEBBADDBBECCACBDDECCECDA', '1110001110111100010011101', 15),
(67, '2024', '1', '7', '1', '3', '06622556', 'GUSTAVO COSTA FERRANTI', 'CAEDDADEACEACBDBACDCDDCCD', '1110101001101010001000100', 11),
(68, '2024', '1', '7', '1', '4', '06621083', 'ALEXANDRE VILELA DE MELO', 'ADCBBBACECBDACABCAEADCEDC', '0111111011110110111111111', 21),
(69, '2024', '1', '7', '1', '4', '06621001', 'ALVARO LUIS PINHEIRO LOPES', 'CECCBCACECBDDAADAAEEDCEDC', '1010101011111011011011111', 18),
(70, '2024', '1', '7', '1', '4', '06621096', 'AMANDA FERREIRA SANTOS', 'ADCCBCAAECBDDEADDAEADCEDC', '0110101011111011011111111', 19),
(71, '2024', '1', '7', '1', '4', '06621089', 'ANA BEATRIZ TRENTIN DE MOURA ZAGO', 'CDCBBBADEEBDBCADCAEADCEDC', '1111111110110111111111111', 23),
(72, '2024', '1', '7', '1', '4', '06621002', 'ANA CLARA LONCHI BRETAS', 'CDCBBDADEEBBDCDADAEADCCDC', '1111101110101100011111011', 18),
(73, '2024', '1', '7', '1', '4', '06618075', 'ANA FLÁVIA DE OLIVEIRA ESCALHAR', 'CDEADCEEECBBBDBCBAEADCACB', '1100000011100000011111000', 10),
(74, '2024', '1', '7', '1', '4', '06621004', 'ANA JÚLIA DA SILVA', 'CDCBBBACEEBDDCADCAEADCEDC', '1111111010111111111111111', 23),
(75, '2024', '1', '7', '1', '4', '06621081', 'ANA LAURA BORTOLINI COSTA', 'CDCBBBADEEBBDCDADAEADCEDC', '1111111110101100011111111', 20),
(76, '2024', '1', '7', '1', '4', '06621006', 'ANA LAURA FARDIN MOMESSO', 'CDCBBBACEBBBBCABCAEEDCEDC', '1111111010100110111011111', 19),
(77, '2024', '1', '7', '1', '4', '06621007', 'ANDRÉ TIOSSO KARASAUSKAS', 'CDCBBBABEEBDDDABCAEADCEDC', '1111111010111010111111111', 21),
(78, '2024', '1', '7', '1', '4', '06621009', 'AUREA CRISTINA CANDIDO DE OLIVEIRA', 'CDCABBCBBEBDAAABEAEADCECC', '1110110000110010011111101', 15),
(79, '2024', '1', '7', '1', '4', '06621010', 'BEATRIZ BICHARA MEDEIROS', 'CDCBBBADEEBBDCABCAEADCEDC', '1111111110101110111111111', 22),
(80, '2024', '1', '7', '1', '4', '06621094', 'BEATRIZ COSTA', 'CACBBBBBEEBADCADAAEADCEDC', '1011110010101111011111111', 19),
(81, '2024', '1', '7', '1', '4', '06621077', 'BRUNA BORGES ROSSI', 'CDCBBCABECBCDCADBAEADCEDC', '1111101011101111011111111', 21),
(82, '2024', '1', '7', '1', '4', '06622600', 'BRUNA GUAZZELLI VIDAL', 'CDCBBCADEDBDDCADCAEADCEDC', '1111101110111111111111111', 23),
(83, '2024', '1', '7', '1', '4', '06621071', 'CAIO BRAGA LIMA', 'CDCBBCABECBDDCADCAEADCEDC', '1111101011111111111111111', 23),
(84, '2024', '1', '7', '1', '4', '06621014', 'CAIO HENRIQUE MARCONDES DE OLIVEIRA PIRES', 'CDCBBCABCCBBDCADBAEADCEDC', '1111101001101111011111111', 20),
(85, '2024', '1', '7', '1', '4', '06621015', 'CAROLINA SALDANI VIEIRA', 'CDCBBCABECBDDCADCAEADCEDC', '1111101011111111111111111', 23),
(86, '2024', '1', '7', '1', '4', '06621078', 'DANIEL OLIVEIRA MATTOS', 'CDCBBCABECBDDCADCAEADCEDC', '1111101011111111111111111', 23),
(87, '2024', '1', '7', '1', '4', '06622550', 'DANILA BLANCO DE CARVALHO', 'CDCBBCADECBDDCADBAEADCEDC', '1111101111111111011111111', 23),
(88, '2024', '1', '7', '1', '4', '06621565', 'DANILA TERZIOGLO DOGNANI', 'CDCBBCABECBCDCADBAEADCEDC', '1111101011101111011111111', 21),
(89, '2024', '1', '7', '1', '4', '06621017', 'EDUARDA RODRIGUES FERRAZ DE MELO', 'EACCBCABECBDDBADBACADCEDC', '0010101011111011010111111', 17),
(90, '2024', '1', '7', '1', '4', '06621022', 'FERNANDA GARCIA', 'CDCBBBADEBBDDCADCAEADCEDC', '1111111110111111111111111', 24),
(91, '2024', '1', '7', '1', '4', '06621070', 'GABRIEL FAGUNDES DE OLIVEIRA', 'CDCBBCABECBDDCBDBAEADCEDC', '1111101011111101011111111', 21),
(92, '2024', '1', '7', '1', '4', '06621025', 'GABRIEL SOLON FERREIRA', 'EACBBBADECBEBCADAAEADCEDC', '0011111111100111011111111', 20),
(93, '2024', '1', '7', '1', '4', '06621090', 'GABRIELA ALVES SILVA DIAS', 'CDCBBBADECBDDCADCAEADCEDC', '1111111111111111111111111', 25),
(94, '2024', '1', '7', '1', '4', '06621026', 'GABRIELA CRISTINA SILVA', 'CDCBBBADEEBDDCADCAEADCEDC', '1111111110111111111111111', 24),
(95, '2024', '1', '7', '1', '4', '06621027', 'GABRIELA FERREIRA MESTRINEL', 'CDCABBADEEBEDCADCAEADCEDC', '1110111110101111111111111', 22),
(96, '2024', '1', '7', '1', '4', '06621028', 'GABRIELA GIMENES GARCIA', 'CDCBBDABDCBDDCADCAEADCEDC', '1111101001111111111111111', 22),
(97, '2024', '1', '7', '1', '4', '06621092', 'GIOVANA RAVAGNANI SEMENSATO', 'CDCBBBADECBDBDADCAEADCEDC', '1111111111110011111111111', 23),
(98, '2024', '1', '7', '1', '4', '06621029', 'GIOVANNA FERRAZ ZUCOLOTO', 'CDCBBBADECBDBDADCAEADCEDC', '1111111111110011111111111', 23),
(99, '2024', '1', '7', '1', '4', '06621030', 'GIOVANNA ROBERTA PAPACIDRO', 'CDBBBDAEEEBDDCADAAEADCEDC', '1101101010111111011111111', 20),
(100, '2024', '1', '7', '1', '4', '06621031', 'GUILHERME MURARI FERRAZ CARLOMANHO', 'DACBBBAAEBBDDDADCAEADCEDC', '0011111010111011111111111', 20),
(101, '2024', '1', '7', '1', '4', '06620101', 'GUILHERME ZANARDI MEDEIROS', 'EABBBBAEEEBDDCABCAEADCEDC', '0001111010111110111111111', 19),
(102, '2024', '1', '7', '1', '4', '06622556', 'GUSTAVO COSTA FERRANTI', 'DACBBEAACBBDDDEDCAEADCEDC', '0011101000111001111111111', 17),
(103, '2024', '1', '7', '1', '4', '06621085', 'HELOISA GRAVENA BALDUINO DA SILVA', 'ADCBBBADECBDBDADBAEADCEDC', '0111111111110011011111111', 21),
(104, '2024', '1', '7', '1', '4', '06623607', 'ISABELA COLLELA', 'CECBBBADEEBDDCABCAEADCEDC', '1011111110111110111111111', 22),
(105, '2024', '1', '7', '1', '4', '06621088', 'ISABELA DE MORAES BERTOLINI MANO', 'CECBBBADEEBDBEADCAEADCEDC', '1011111110110011111111111', 21),
(106, '2024', '1', '7', '1', '4', '06621072', 'JACKELINE LOUISE RODERO', 'CDCBBBADECBDBCABCAEADCEDC', '1111111111110110111111111', 23),
(107, '2024', '1', '7', '1', '4', '06621034', 'JÉSSICA SOARES GOMES ACOSTA', 'CDCBBCCBECBDDCABCAEADCEDC', '1111100011111110111111111', 21),
(108, '2024', '1', '7', '1', '4', '06621038', 'JULIA RIBEIRO DE SOUZA', 'CDCBBBCDECBDDCABCAEADCEDC', '1111110111111110111111111', 23),
(109, '2024', '1', '7', '1', '4', '06621039', 'JULIANA JUSAN FERNANDES AZEVEDO', 'DDCBBCADDEBDBDABCAEADCEDC', '0111101100110010111111111', 18),
(110, '2024', '1', '7', '1', '4', '06621042', 'KAROLINE DE SOUZA QUEIROZ', 'CDCBBBACECBBDCABCAEDDCEDC', '1111111011101110111011111', 21),
(111, '2024', '1', '7', '1', '4', '06621044', 'LARA CRISTINA DE CARVALHO MARIANO', 'CDCBBBADEEBDDCADCAEADCEDC', '1111111110111111111111111', 24),
(112, '2024', '1', '7', '1', '4', '06621046', 'LAURA VOLPI NASSIF', 'DEDBCCCBECBDDCABCAEADCEDC', '0001000011111110111111111', 17),
(113, '2024', '1', '7', '1', '4', '06621097', 'LAYANE PIMENTA BAIÃO', 'CDCBBCABECBDDCADCAEADCEDC', '1111101011111111111111111', 23),
(114, '2024', '1', '7', '1', '4', '06619137', 'LETÍCIA BRAZ JORDÃO', 'CACBBCCDDCBDDDABCCEADCEDC', '1011100101111010101111111', 18),
(115, '2024', '1', '7', '1', '4', '06621048', 'LETÍCIA CRISTINA SCARAPICCHIA MONTEIRO', 'CDCBBCABEBBDDCABCAEADCEDC', '1111101010111110111111111', 21),
(116, '2024', '1', '7', '1', '4', '06621050', 'LUCAS DELATORRE FURQUIM DE CAMPOS', 'EACBBCACECBDDCABCAEADCEDC', '0011101011111110111111111', 20),
(117, '2024', '1', '7', '1', '4', '06621051', 'LUIZA RUAS MORETTI', 'CDCDBCCDECBDBCABCAEADCEDC', '1110100111110110111111111', 20),
(118, '2024', '1', '7', '1', '4', '06621079', 'LUIZE BREDA DE QUEIROZ', 'CDCBBCCBECBDDCABCAEADCEDC', '1111100011111110111111111', 21),
(119, '2024', '1', '7', '1', '4', '06623602', 'MARIA JÚLIA PINHAL PACCHIONI', 'EACDAEABEDBADDADCBEBDCECE', '0010001010101011101011100', 12),
(120, '2024', '1', '7', '1', '4', '06621056', 'MARIANA TEIXEIRA FERNANDES', 'CDCBBCCBECBDDCABCAEADCEDC', '1111100011111110111111111', 21),
(121, '2024', '1', '7', '1', '4', '06621566', 'MARIO HENRIQUE ARRUDA VERZOLA', 'EACDBBADECBBBCADCAEADCEDC', '0010111111100111111111111', 20),
(122, '2024', '1', '7', '1', '4', '06621058', 'MATHEUS HENRIQUE ROBETE', 'CDCBBDADECBBBCADCAEADCEDC', '1111101111100111111111111', 22),
(123, '2024', '1', '7', '1', '4', '06621100', 'PAULA SILVA SANT ANNA', 'CDCBBBADEEBBDCABCAEADCEDC', '1111111110101110111111111', 22),
(124, '2024', '1', '7', '1', '4', '06621103', 'PEDRO FERNANDES ROSSI', 'EABBBEADECBEBCADAAEADCEDC', '0001101111100111011111111', 18),
(125, '2024', '1', '7', '1', '4', '06620108', 'PEDRO HENRIQUE TROSTDORF GONÇALVES', 'CACDBBADECBBBCADCAEADCEDC', '1010111111100111111111111', 21),
(126, '2024', '1', '7', '1', '4', '06621060', 'PEDRO PERI CUGLER MOREIRA', 'CECBBDABEBBDDCADCAECDCEDC', '1011101010111111111011111', 20),
(127, '2024', '1', '7', '1', '4', '06621101', 'RAFAEL DONIZETE SILVA ADRIANO', 'EACDBBADEEBBBDADDAEDDCEDC', '0010111110100011011011111', 16),
(128, '2024', '1', '7', '1', '4', '06621099', 'SAMIR DUARTE ROTTA', 'CDBBBBABECBBDCADAAEADCEDC', '1101111011101111011111111', 21),
(129, '2024', '1', '7', '1', '4', '06622554', 'SOFIA JUSTINO DE FREITAS', 'CDCBBDABECBDBCADBAEADCEDC', '1111101011110111011111111', 21),
(130, '2024', '1', '7', '1', '4', '06621064', 'ÚRSULA DO NASCIMENTO ÁVILLA', 'EACBBBADECBBBCADCAEADCEDC', '0011111111100111111111111', 21),
(131, '2024', '1', '7', '1', '4', '06621065', 'VICTOR HUGO DANTAS PEREIRA', 'EACBBBADECBDBCADCAEADCEDC', '0011111111110111111111111', 22),
(132, '2024', '1', '7', '1', '4', '06621074', 'VINICIUS MESQUITA ALVES', 'EACBBBADECBBDCADDAEBDCEDC', '0011111111101111011011111', 20),
(133, '2024', '1', '7', '1', '4', '06621066', 'VITOR EMANUEL TADA IAMAGUISI', 'CDEBBBBDEEBDDCADCAEADCEDC', '1101110110111111111111111', 22),
(134, '2024', '1', '7', '1', '4', '06621075', 'YNGRID MARIA OLIVEIRA SOARES', 'EACBBBADECBBBCADAAEADCEDC', '0011111111100111011111111', 20),
(135, '2024', '1', '8', '1', '1', '06620157', 'ADEMIR PAVINI JUNIOR', 'ADCCCBDBCDADCAACBADABAEACE', '1111111111110011101111111', 22),
(136, '2024', '1', '8', '1', '1', '06620175', 'ADRIEL SOUZA PEREIRA DA SILVA', 'ADCCCBDACDADBCACBBDABAEACD', '1111111011111111101111111', 23),
(137, '2024', '1', '8', '1', '1', '06620096', 'ALEXSANDRA RUFINO', 'ADCCCBDBCDADBBACBEDABAEACD', '1111111111111011111111111', 24),
(138, '2024', '1', '8', '1', '1', '06620166', 'ALICE SCAGLIONE DOS SANTOS', 'ADCCCBDBCDADBCBCBEDABAEACD', '1111111111111101111111111', 24),
(139, '2024', '1', '8', '1', '1', '06620097', 'ALINE RIBEIRO MARTINS', 'ADCCCBDBCDADBAACCADABAEACD', '1111111111111011001111111', 22),
(140, '2024', '1', '8', '1', '1', '06620120', 'ANA CAROLINA DE OLIVEIRA ZUKOVSKI', 'ADCCDBCBCDADCAACBADABAEAAE', '1111010111110011101111110', 19),
(141, '2024', '1', '8', '1', '1', '06620121', 'ANA LETÍCIA BETTONI', 'ADCCCBDBCDADCBADBADABAEACD', '1111111111110010101111111', 21),
(142, '2024', '1', '8', '1', '1', '06620139', 'ANYARA DE MORAES BRITO', 'ADCCCBDBCDADCBACDDDABAEACA', '1111111111110011001111111', 21),
(143, '2024', '1', '8', '1', '1', '06620098', 'ANTONIO JUNIO CORREA DE SOUSA', 'ADCCCBDBCDADCAACBADABAEACE', '1111111111110011101111111', 22),
(144, '2024', '1', '8', '1', '1', '06620140', 'ARTHUR HENRIQUE ZILI', 'ADCCCBDBCDADCAACBADABAEACE', '1111111111110011101111111', 22),
(145, '2024', '1', '8', '1', '1', '06621569', 'BARBARA SEMEGHINI CAPUTO', 'ADCCCBDBADADECACCEDABAEACE', '1111111101110111011111111', 22),
(146, '2024', '1', '8', '1', '1', '06619092', 'BARBARA OLIVEIRA MARTINEZ', 'ADCCCBDBADADECACCEDABAEACE', '1111111101110111011111111', 22),
(147, '2024', '1', '8', '1', '1', '06620122', 'BEATRIZ BESSI PRADO', 'ADCCCBDBCDADECACCEDABAEACE', '1111111111110111011111111', 23),
(148, '2024', '1', '8', '1', '1', '06620123', 'BRUNA COLOMBO BAPTISTA', 'ADCCCBDBCDADBBBCBADABAEACD', '1111111111111001101111111', 22),
(149, '2024', '1', '8', '1', '1', '06620086', 'BRYDA BARRETO CUNHA', 'ADCCCBDBCDADDBACBBDABAEACD', '1111111111110011101111111', 22),
(150, '2024', '1', '8', '1', '1', '06620170', 'CAIO DIDONÉ VALLORY', 'ADCCCBDBCDADCBACBADABAEBCD', '1111111111110011101111101', 21),
(151, '2024', '1', '8', '1', '1', '06620012', 'CAMILA ASSIS DE ARAUJO', 'ADCCABDBCDADCAACBBDABAEACD', '1111011111110011101111111', 21),
(152, '2024', '1', '8', '1', '1', '06620151', 'CARLOS GABRIEL PIRES', 'ADCCEBDBCDADEBACCADABAEACE', '1111011111110011001111111', 20),
(153, '2024', '1', '8', '1', '1', '06620171', 'CARLOS GILBERTO MASSARI FILHO', 'ADCCCBDBCDADDBACBEDABAEBCE', '1111111111110011111111101', 22),
(154, '2024', '1', '8', '1', '1', '06620141', 'CECÍLIA BARACAT MAGALHÃES', 'ADCCEBDBCDADDBACBDDABAEACE', '1111011111110011101111111', 21),
(155, '2024', '1', '8', '1', '1', '06620163', 'CLARISSE RIGON MALLACO', 'ADCCCBDBCDADDBACBADABAEACD', '1111111111110011101111111', 22),
(156, '2024', '1', '8', '1', '1', '06620124', 'DENILSON DONIZETI TEIXEIRA JUNIOR', 'ADCCCBDBCDADCBACBADABAEACD', '1111111111110011101111111', 22),
(157, '2024', '1', '8', '1', '1', '06620100', 'FLAVIO AUGUSTO ALVES MANGILI', 'ADCCCBDBCDADCBACBADABAEACD', '1111111111110011101111111', 22),
(158, '2024', '1', '8', '1', '1', '06620142', 'GIOVANA DI IORIO BELLAROSA', 'ADCCCBDBCDADDBACBADABAEACD', '1111111111110011101111111', 22),
(159, '2024', '1', '8', '1', '1', '06620125', 'GIOVANA SALARO BOTELHO', 'ADCCCBDBCDADDBACBDDABAEACD', '1111111111110011101111111', 22),
(160, '2024', '1', '8', '1', '1', '06621556', 'GIULIA GIACOMETTI ROSSI', 'ADCCCCCBCDADCCAABAAABAEBCD', '1111100111110110100111101', 18),
(161, '2024', '1', '8', '1', '1', '06622604', 'GUSTAVO GONÇALVES BARBOSA DE OLIVEIRA', 'ADCCCBDBCDADEBACBADABAECCA', '1111111111110011101111101', 21),
(162, '2024', '1', '8', '1', '1', '06620126', 'HENRIQUE NEVES RAVENNA PICAZO', 'ADCCCBDBCDADBCACBBDABAEACD', '1111111111111111101111111', 24),
(163, '2024', '1', '8', '1', '1', '06620111', 'HUGO RIGHI', 'ADCCCBDBCDADBCDCBEDABAEACE', '1111111111111101111111111', 24),
(164, '2024', '1', '8', '1', '1', '06620112', 'IAN RABELLO BARTOLOMEI', 'ADCCCBDBCDADBCACBADABAEACE', '1111111111111111101111111', 24),
(165, '2024', '1', '8', '1', '1', '06620167', 'ISABELA DA SILVA SPADÃO', 'ADCCEBAACDADBBACBADABAEACD', '1111010011111011101111111', 20),
(166, '2024', '1', '8', '1', '1', '06620128', 'ISABELLA DE CARVALHO MOLINA', 'ADCCCBDBCDADBBACBADABAEACD', '1111111111111011101111111', 23),
(167, '2024', '1', '8', '1', '1', '06620129', 'ISABELLA SILVA PREMERO', 'ADCCCBDBCDADCBACBBAABAEACE', '1111111111110011100111111', 21),
(168, '2024', '1', '8', '1', '1', '06620102', 'ISADORA MEIRELLES RESENDE', 'ADCCCBDBCDADBBACBADABAEACE', '1111111111111011101111111', 23),
(169, '2024', '1', '8', '1', '1', '06620114', 'JOÃO LUCAS VAZ SILVA', 'ADCCCBAACEADBBACBADABAEADD', '1111110010111011101111110', 19),
(170, '2024', '1', '8', '1', '1', '06621564', 'JOÃO VICTOR VICTÓRIO DUÓ', 'ADCCCBDBCDADBBACCADABAEACD', '1111111111111011001111111', 22),
(171, '2024', '1', '8', '1', '1', '06620130', 'JULIA CAMARGO OSTROWSKY', 'ADCCCBDBCDADBBACBADABAEACD', '1111111111111011101111111', 23),
(172, '2024', '1', '8', '1', '1', '06620103', 'JULIA LEMOS CARRASCOZA', 'ADCCDBAACDADBBACBADABAEACD', '1111010011111011101111111', 20),
(173, '2024', '1', '8', '1', '1', '06620131', 'JÚLIA LIBERATTI CATALANI', 'ADCCCBDBCDADBBACCBAABAEACD', '1111111111111011000111111', 21),
(174, '2024', '1', '8', '1', '1', '06620160', 'JULIANA SPINOLA SALINAS', 'ADCCCBDACDADBCACBBDABAEACE', '1111111011111111101111111', 23),
(175, '2024', '1', '8', '1', '1', '06620132', 'LARISSA GONÇALVES PINTO', 'ADCCCBCBCDADBCACBEDABAEACD', '1111110111111111111111111', 24),
(176, '2024', '1', '8', '1', '1', '06620143', 'LETÍCIA SIQUEIRA DOS SANTOS', 'ADCCCBDBCDADBCACBADABAEACD', '1111111111111111101111111', 24),
(177, '2024', '1', '8', '1', '1', '06620144', 'LÍVIA LINO POLLETTINI', 'ADCCCBDBCDADBCACBEDABAEACD', '1111111111111111111111111', 25),
(178, '2024', '1', '8', '1', '1', '06620133', 'LÍVIA ROJAS BRANDEMARTE', 'ADCCCBDBCDADCBACBEDABAEACD', '1111111111110011111111111', 23),
(179, '2024', '1', '8', '1', '1', '06620172', 'LUANA CAROLINA SILVA SANTOS', 'ADCCCBDBCDADDCBCBEDABAEACE', '1111111111110101111111111', 23),
(180, '2024', '1', '8', '1', '1', '06620168', 'LUANA TAKEI', 'ADCCCBDBCDADBCBCBEDABAEACE', '1111111111111101111111111', 24),
(181, '2024', '1', '8', '1', '1', '06620105', 'LUCAS ARIEL LOPES PIO', 'ADCCCBDBCDADCBCCBAAABAEACD', '1111111111110001100111111', 20),
(182, '2024', '1', '8', '1', '1', '06620154', 'LUCAS ASAFE SANTIAGO', 'ADCCCBDBCDADBCBCBEDABAEACE', '1111111111111101111111111', 24),
(183, '2024', '1', '8', '1', '1', '06620115', 'LUIS HENRIQUE CREPALDI BERTO', 'ADCCCBDBCDADBCACBADABAEACD', '1111111111111111101111111', 24),
(184, '2024', '1', '8', '1', '1', '06620106', 'MARIA CAROLINE ZANQUETA', 'ADCCCBDBCDADBBACCEDABAEACE', '1111111111111011011111111', 23),
(185, '2024', '1', '8', '1', '1', '06620155', 'MARIA EDUARDA MENCK VIEIRA', 'ADCCCBDBCDADEBACBEDABAEACC', '1111111111110011111111111', 23),
(186, '2024', '1', '8', '1', '1', '06620173', 'MARIA EDUARDA MOROTI RONCARI', 'ADCCCBDBCDADEBACCEDABAEACE', '1111111111110011011111111', 22),
(187, '2024', '1', '8', '1', '1', '06620161', 'MARIA EDUARDA POSSIDONIO DE SOUSA', 'ADCCCBDBCDADEBACCBDABAEACE', '1111111111110011001111111', 21),
(188, '2024', '1', '8', '1', '1', '06622602', 'MARIA EUGÊNIA PEREIRA E SILVA', 'ADCCCBDACDADEBACCECABAEACE', '1111111011110011010111111', 20),
(189, '2024', '1', '8', '1', '1', '06620145', 'MARIA JULIA TONELOTTO BETTIN', 'ADCCCBDBCDADEBACCEDABAEACE', '1111111111110011011111111', 22),
(190, '2024', '1', '8', '1', '1', '06620146', 'MARIANA SCATENA GARCIA', 'ADCCCBDBCDADEBACCEDABAEACE', '1111111111110011011111111', 22),
(191, '2024', '1', '8', '1', '1', '06620156', 'MILENE DE OLIVEIRA SILVA', 'ADCCCBDBCDADECACBDDABAEACD', '1111111111110111101111111', 23),
(192, '2024', '1', '8', '1', '1', '06620107', 'MONIQUE ANDRÉIA DE MIRA', 'ADCCCBDBCDADEBACBCDABAEACD', '1111111111110011101111111', 22),
(193, '2024', '1', '8', '1', '1', '06620162', 'PEDRO HENRIQUE RIBEIRO LOBO', 'ADCCCBDBCDADCAACCEDABAEADD', '1111111111110011011111110', 21),
(194, '2024', '1', '8', '1', '1', '06620148', 'ROBERTA D ASSUNCÃO RODRIGUES', 'ADCCCBDBCDADEBACBCDABAEACD', '1111111111110011101111111', 22),
(195, '2024', '1', '8', '1', '1', '06620136', 'RICARDO SISCAR IACHEL REINA', 'ADCCCBABCDADCBACBBDABAEACD', '1111110111110011101111111', 21),
(196, '2024', '1', '8', '1', '1', '06620117', 'ROMANA ROMBALDI MARTINELLI', 'ADCCCBDBCDADBBACBADABAEACD', '1111111111111011101111111', 23),
(197, '2024', '1', '8', '1', '1', '06620118', 'SAMANTHA SERRANO SILVA', 'ADCCCBDBCDADBBACBCDABAEACD', '1111111111111011101111111', 23),
(198, '2024', '1', '8', '1', '1', '06620109', 'THAÍS FRANCO SIMAS', 'ADCCCBDBCDADCEACBEDABAEACE', '1111111111110011111111111', 23),
(199, '2024', '1', '8', '1', '1', '06620110', 'THYAGO DE PAULA SOUZA SILVEIRA', 'ADCCCBDBCDADBBACBEDABAEACD', '1111111111111011111111111', 24),
(200, '2024', '1', '8', '1', '1', '06620164', 'VICTOR VACONDIO FACHINI', 'ADCCCBDBCDADEBACBCDABAEACD', '1111111111110011101111111', 22),
(201, '2024', '1', '8', '1', '1', '06620174', 'VICTÓRIA CLEMENTE MALDONADO', 'ADCCCBDBCDADBBACBCDABAEACD', '1111111111111011101111111', 23),
(202, '2024', '1', '8', '1', '1', '06620137', 'VICTÓRIA VOLPI', 'ADCCCBDBCDADBBACBECABAEACE', '1111111111111011110111111', 23),
(203, '2024', '1', '8', '1', '1', '06620169', 'VINÍCIUS REIS SILVA', 'ADCCCBDBCDADCCACBCDABAEACD', '1111111111110111101111111', 23),
(204, '2024', '1', '8', '1', '1', '06620113', 'VITÓRIA BET', 'ADCCCBDBCDADBBACBEDABAEACE', '1111111111111011111111111', 24),
(205, '2024', '1', '8', '1', '1', '06620149', 'WESLEY CARLOS SILVA JUNIOR', 'ADCCCBDACDADDBACCEDABAEACD', '1111111011110011011111111', 21),
(206, '2024', '1', '8', '1', '2', '06620157', 'ADEMIR PAVINI JUNIOR', 'ABCDCDEABDCCCDACEBBCECBB', '1111100101111111111111011', 21),
(207, '2024', '1', '8', '1', '2', '06620175', 'ADRIEL SOUZA PEREIRA DA SILVA', 'ABCDCCEAABCCCDACEBBCECDB', '1111110110111111111111111', 23),
(208, '2024', '1', '8', '1', '2', '06620096', 'ALEXSANDRA RUFINO', 'ABCDCCEAAACCCDACEBBCECBB', '1111110110111111111111011', 22),
(209, '2024', '1', '8', '1', '2', '06620166', 'ALICE SCAGLIONE DOS SANTOS', 'ABCDCADAAACCCDACEBBCECDB', '1111101110111111111111111', 23),
(210, '2024', '1', '8', '1', '2', '06620097', 'ALINE RIBEIRO MARTINS', 'ACCDCCEADADCCDACEBECACDB', '1011110100011111110101111', 18),
(211, '2024', '1', '8', '1', '2', '06620120', 'ANA CAROLINA DE OLIVEIRA ZUKOVSKI', 'ABCDCDEAABCCCDACEBBCECBB', '1111100110111111111111011', 21),
(212, '2024', '1', '8', '1', '2', '06620121', 'ANA LETÍCIA BETTONI', 'ABCCCCDAABCCCDACEBBCEBDB', '1110111110111111111110111', 22),
(213, '2024', '1', '8', '1', '2', '06620098', 'ANTONIO JUNIO CORREA DE SOUSA', 'ABCDCDEAABDCCDACEBBCECBB', '1111100110011111111111011', 20),
(214, '2024', '1', '8', '1', '2', '06620139', 'ANYARA DE MORAES BRITO', 'ABCDCCEAAABCCDAEDADCECBC', '1111110110011110000111001', 16),
(215, '2024', '1', '8', '1', '2', '06620140', 'ARTHUR HENRIQUE ZILI', 'ABCDCCEAABDCCDACEBBCECBB', '1111110110011111111111011', 21),
(216, '2024', '1', '8', '1', '2', '06619092', 'BARBARA OLIVEIRA MARTINEZ', 'ABCDCCDAAACCCDACEAECECBB', '1111111110111111100111011', 21),
(217, '2024', '1', '8', '1', '2', '06621569', 'BARBARA SEMEGHINI CAPUTO', 'ABCDCCDAAACCCDACEAECECBB', '1111111110111111100111011', 21),
(218, '2024', '1', '8', '1', '2', '06620122', 'BEATRIZ BESSI PRADO', 'ABCDCCDAAACCCDACEAECECBB', '1111111110111111100111011', 21),
(219, '2024', '1', '8', '1', '2', '06620123', 'BRUNA COLOMBO BAPTISTA', 'ABCCCCDABBCCCDACEBECCCDB', '1110111100111111110101111', 20),
(220, '2024', '1', '8', '1', '2', '06620086', 'BRYDA BARRETO CUNHA', 'ABCDCCEAADCCCDACEBBCECDB', '1111110111111111111111111', 24),
(221, '2024', '1', '8', '1', '2', '06620170', 'CAIO DIDONÉ VALLORY', 'ABCDCCEAADCCCDACEBBCECCB', '1111110111111111111111011', 23),
(222, '2024', '1', '8', '1', '2', '06620012', 'CAMILA ASSIS DE ARAUJO', 'ABCDCCEABDCCCDACEBBCECDB', '1111110101111111111111111', 23),
(223, '2024', '1', '8', '1', '2', '06620151', 'CARLOS GABRIEL PIRES', 'ADCDCCBABCCCCDACEBACECDB', '1011110100111111110111111', 20),
(224, '2024', '1', '8', '1', '2', '06620171', 'CARLOS GILBERTO MASSARI FILHO', 'ABCDCCEAADCCCDACEBBCECDB', '1111110111111111111111111', 24),
(225, '2024', '1', '8', '1', '2', '06620141', 'CECÍLIA BARACAT MAGALHÃES', 'ABCDCCEAAACCCDACEBBCECCB', '1111110110111111111111011', 22),
(226, '2024', '1', '8', '1', '2', '06620163', 'CLARISSE RIGON MALLACO', 'ABCDCCEAADCCCDACEBBCECCB', '1111110111111111111111011', 23),
(227, '2024', '1', '8', '1', '2', '06620124', 'DENILSON DONIZETI TEIXEIRA JUNIOR', 'ABCDCCEAADCCCDACEBBCECCB', '1111110111111111111111011', 23),
(228, '2024', '1', '8', '1', '2', '06620100', 'FLAVIO AUGUSTO ALVES MANGILI', 'ABCDCCEAADCCCDACEBBCECCB', '1111110111111111111111011', 23),
(229, '2024', '1', '8', '1', '2', '06620142', 'GIOVANA DI IORIO BELLAROSA', 'ABCDCCEAADCCCDACEBBCECCB', '1111110111111111111111011', 23),
(230, '2024', '1', '8', '1', '2', '06620125', 'GIOVANA SALARO BOTELHO', 'ABCDCCEAADCCCDACEBBCECCB', '1111110111111111111111011', 23),
(231, '2024', '1', '8', '1', '2', '06621556', 'GIULIA GIACOMETTI ROSSI', 'ABCDCCEAADCCCDACEBBCEACB', '1111110111111111111110011', 22),
(232, '2024', '1', '8', '1', '2', '06622604', 'GUSTAVO GONÇALVES BARBOSA DE OLIVEIRA', 'ABCDCCDAADCCCDACEBBCEDBA', '1111111111111111111110001', 22),
(233, '2024', '1', '8', '1', '2', '06620126', 'HENRIQUE NEVES RAVENNA PICAZO', 'ABCDCCEAADCCCDACEBBCECCB', '1111110111111111111111011', 23),
(234, '2024', '1', '8', '1', '2', '06620111', 'HUGO RIGHI', 'ABCCCCEAAACCCDACEBECECDB', '1110110110111111110111111', 21),
(235, '2024', '1', '8', '1', '2', '06620112', 'IAN RABELLO BARTOLOMEI', 'ABCDCAEABCCCCDACEBBCECBB', '1111100100111111111111011', 20),
(236, '2024', '1', '8', '1', '2', '06620167', 'ISABELA DA SILVA SPADÃO', 'ABCDCAEAACCCCDACEBBCECBB', '1111100110111111111111011', 21),
(237, '2024', '1', '8', '1', '2', '06620128', 'ISABELLA DE CARVALHO MOLINA', 'ABCDCAEAACCCCDACEBBCCCBB', '1111100110111111111101011', 20),
(238, '2024', '1', '8', '1', '2', '06620129', 'ISABELLA SILVA PREMERO', 'ABCDCAEAACCCCDACEBBCECBB', '1111100110111111111111011', 21),
(239, '2024', '1', '8', '1', '2', '06620102', 'ISADORA MEIRELLES RESENDE', 'ABCDCCEAADCCCDACEBBCECCB', '1111110111111111111111011', 23),
(240, '2024', '1', '8', '1', '2', '06620114', 'JOÃO LUCAS VAZ SILVA', 'ABCDCAEAACCCCDACEBBCECDB', '1111100110111111111111111', 22),
(241, '2024', '1', '8', '1', '2', '06621564', 'JOÃO VICTOR VICTÓRIO DUÓ', 'ABCDCAEAADCCCDACEBBCECCB', '1111100111111111111111011', 22),
(242, '2024', '1', '8', '1', '2', '06620130', 'JULIA CAMARGO OSTROWSKY', 'ABCDCCEAAACCCDACEBBCECDB', '1111110110111111111111111', 23),
(243, '2024', '1', '8', '1', '2', '06620103', 'JULIA LEMOS CARRASCOZA', 'ABCDCAEAACCCCDACEBBCECBB', '1111100110111111111111011', 21),
(244, '2024', '1', '8', '1', '2', '06620131', 'JÚLIA LIBERATTI CATALANI', 'ABCDCCEAADCCCDACEBBCECBB', '1111110111111111111111011', 23),
(245, '2024', '1', '8', '1', '2', '06620160', 'JULIANA SPINOLA SALINAS', 'ABCDCADAAACCCDACEBBCECDB', '1111101110111111111111111', 23),
(246, '2024', '1', '8', '1', '2', '06620132', 'LARISSA GONÇALVES PINTO', 'ABCDCCEAADCCCDACEBBCECDB', '1111110111111111111111111', 24),
(247, '2024', '1', '8', '1', '2', '06620143', 'LETÍCIA SIQUEIRA DOS SANTOS', 'ABCDCAEABCCCCDACEBBCECCB', '1111100100111111111111011', 20),
(248, '2024', '1', '8', '1', '2', '06620144', 'LÍVIA LINO POLLETTINI', 'ABCDCCEAACCCCDACEBBCECBB', '1111110110111111111111011', 22),
(249, '2024', '1', '8', '1', '2', '06620133', 'LÍVIA ROJAS BRANDEMARTE', 'ABCDCCEAACCCCDACEBBCECDB', '1111110110111111111111111', 23),
(250, '2024', '1', '8', '1', '2', '06620172', 'LUANA CAROLINA SILVA SANTOS', 'ABCDCADABCCCCDACEBBCECDB', '1111101100111111111111111', 22),
(251, '2024', '1', '8', '1', '2', '06620168', 'LUANA TAKEI', 'ABCDCADABCCCCDACEBBCECDB', '1111101100111111111111111', 22),
(252, '2024', '1', '8', '1', '2', '06620105', 'LUCAS ARIEL LOPES PIO', 'ADCDCCEAEDCCCDACEBCCECDB', '1011110101111111110111111', 21),
(253, '2024', '1', '8', '1', '2', '06620154', 'LUCAS ASAFE SANTIAGO', 'ABCDCADABCCCCDACEBBCECDB', '1111101100111111111111111', 22),
(254, '2024', '1', '8', '1', '2', '06620115', 'LUIS HENRIQUE CREPALDI BERTO', 'ABCDCCDABCCCCDACEBBCECDB', '1111111100111111111111111', 23),
(255, '2024', '1', '8', '1', '2', '06620106', 'MARIA CAROLINE ZANQUETA', 'ABCDCCDAACCCCDACEBBCECBB', '1111111110111111111111011', 23),
(256, '2024', '1', '8', '1', '2', '06620155', 'MARIA EDUARDA MENCK VIEIRA', 'ACCDCCEAACCCCDACEBBCECBB', '1011110110111111111111011', 21),
(257, '2024', '1', '8', '1', '2', '06620173', 'MARIA EDUARDA MOROTI RONCARI', 'ABCECCEABCCCCDACEBBCECBB', '1110110100111111111111011', 20),
(258, '2024', '1', '8', '1', '2', '06620161', 'MARIA EDUARDA POSSIDONIO DE SOUSA', 'ABCDCCEABCCCCDACEBBCECBB', '1111110100111111111111011', 21),
(259, '2024', '1', '8', '1', '2', '06622602', 'MARIA EUGÊNIA PEREIRA E SILVA', 'ABCDCCEAACCCCDACEBBCECBB', '1111110110111111111111011', 22),
(260, '2024', '1', '8', '1', '2', '06620145', 'MARIA JULIA TONELOTTO BETTIN', 'ABCDCAEAACCCCDACEBBCECBB', '1111100110111111111111011', 21),
(261, '2024', '1', '8', '1', '2', '06620146', 'MARIANA SCATENA GARCIA', 'ABCDCCEAACCCCDACEBBCECBB', '1111110110111111111111011', 22),
(262, '2024', '1', '8', '1', '2', '06620156', 'MILENE DE OLIVEIRA SILVA', 'ABCDCAEAAACCCDACEBBCECCB', '1111100110111111111111011', 21),
(263, '2024', '1', '8', '1', '2', '06620107', 'MONIQUE ANDRÉIA DE MIRA', 'ABCDCCEAABCCCDACEBBCEDCB', '1111110110111111111110011', 21),
(264, '2024', '1', '8', '1', '2', '06620162', 'PEDRO HENRIQUE RIBEIRO LOBO', 'ABADCCEAADCCCDACEBCCEEEB', '1101110111111111110110011', 20),
(265, '2024', '1', '8', '1', '2', '06620136', 'RICARDO SISCAR IACHEL REINA', 'ABCDCAEAACCCCDACEBBCECBB', '1111100110111111111111011', 21),
(266, '2024', '1', '8', '1', '2', '06620148', 'ROBERTA D ASSUNCÃO RODRIGUES', 'ABCDCCEAACCCCDACECDEEDCB', '1111110110111111100010011', 18),
(267, '2024', '1', '8', '1', '2', '06620117', 'ROMANA ROMBALDI MARTINELLI', 'ABCDCAEAACCCCDACEBBCECBB', '1111100110111111111111011', 21),
(268, '2024', '1', '8', '1', '2', '06620118', 'SAMANTHA SERRANO SILVA', 'ABCCCAEAAACCCDACEBBCECCB', '1110100110111111111111011', 20),
(269, '2024', '1', '8', '1', '2', '06620109', 'THAÍS FRANCO SIMAS', 'ABCDCCEABBCCCDACEBCCEADB', '1111110100111111110110111', 20),
(270, '2024', '1', '8', '1', '2', '06620110', 'THYAGO DE PAULA SOUZA SILVEIRA', 'ABCDCCDAADCCCDACEBCCECCB', '1111111111111111110111011', 23),
(271, '2024', '1', '8', '1', '2', '06620164', 'VICTOR VACONDIO FACHINI', 'ABCDCAEAACCCCDACEBBCEDCB', '1111100110111111111110011', 20),
(272, '2024', '1', '8', '1', '2', '06620174', 'VICTÓRIA CLEMENTE MALDONADO', 'ABCDCAEAAACCCDACEBBCECBB', '1111100110111111111111011', 21),
(273, '2024', '1', '8', '1', '2', '06620137', 'VICTÓRIA VOLPI', 'ABCDCCEAAACCCDACEBBCECBB', '1111110110111111111111011', 22),
(274, '2024', '1', '8', '1', '2', '06620169', 'VINÍCIUS REIS SILVA', 'ABCDCCEAACCCCDACEBBCEDCB', '1111110110111111111110011', 21),
(275, '2024', '1', '8', '1', '2', '06620113', 'VITÓRIA BET', 'ABCDCCEAABCCCDACEBBCECBB', '1111110110111111111111011', 22),
(276, '2024', '1', '8', '1', '2', '06620149', 'WESLEY CARLOS SILVA JUNIOR', 'ABCDCCDADACCCDACEBBCEEBB', '1111111100111111111110011', 21),
(277, '2024', '1', '7', '2', '7', '06621083', 'ALEXANDRE VILELA DE MELO', 'EBBDABBABEADBBBDDABCBDCEA', '1111111001000100011111000', 14),
(278, '2024', '1', '7', '2', '7', '06621001', 'ALVARO LUIS PINHEIRO LOPES', 'EBBAACDBCECEDBDEDABCBDBEC', '1110100111111100011111001', 17),
(279, '2024', '1', '7', '2', '7', '06621096', 'AMANDA FERREIRA SANTOS', 'EBBDEABBACDDBCCCDABCBDBBC', '1111001100000010011111011', 14),
(280, '2024', '1', '7', '2', '7', '06621089', 'ANA BEATRIZ TRENTIN DE MOURA ZAGO', 'EDBDABABDECEDCCCDAACBDBBA', '1011110101111010010111010', 16),
(281, '2024', '1', '7', '2', '7', '06621002', 'ANA CLARA LONCHI BRETAS', 'EBDDABBBCECCDCDCDAACBDDBA', '1101111111101000010111110', 17),
(282, '2024', '1', '7', '2', '7', '06618075', 'ANA FLÁVIA DE OLIVEIRA ESCALHAR', 'EBEDCBBECECCDCAEEABBBDDBC', '1101011011101000011011111', 16),
(283, '2024', '1', '7', '2', '7', '06621004', 'ANA JÚLIA DA SILVA', 'EBBDABBBCBCDDCAEAABCBDBBC', '1111111110101000011111011', 18),
(284, '2024', '1', '7', '2', '7', '06621081', 'ANA LAURA BORTOLINI COSTA', 'EBDDABBBCECDBCDEAAACBDDBA', '1101111111100000010111110', 16),
(285, '2024', '1', '7', '2', '7', '06621006', 'ANA LAURA FARDIN MOMESSO', 'EBBDABBBBECABBCECCDCBDBBA', '1111111101100110000111010', 16),
(286, '2024', '1', '7', '2', '7', '06621007', 'ANDRÉ TIOSSO KARASAUSKAS', 'EBBDABBBCACDBCCADABCBDBBC', '1111111110100011011111011', 19),
(287, '2024', '1', '7', '2', '7', '06621009', 'AUREA CRISTINA CANDIDO DE OLIVEIRA', 'EDBDABABDBCEDBCCDAACBDBBC', '1011110100111110010111011', 17),
(288, '2024', '1', '7', '2', '7', '06621010', 'BEATRIZ BICHARA MEDEIROS', 'EBBDABBBCECEBBCEDABCBDBBC', '1111111111110110011111011', 21),
(289, '2024', '1', '7', '2', '7', '06621094', 'BEATRIZ COSTA', 'EBBDABBBBDCABBDDCCDCBDBBA', '1111111100100100000111010', 14),
(290, '2024', '1', '7', '2', '7', '06621077', 'BRUNA BORGES ROSSI', 'EBBDABBBDECDEBEABAACBDBCC', '1111111101100101110111001', 18),
(291, '2024', '1', '7', '2', '7', '06622600', 'BRUNA GUAZZELLI VIDAL', 'CCCDABBBCECDBBCEDABCBDBBA', '0001111111100110011111010', 16),
(292, '2024', '1', '7', '2', '7', '06621071', 'CAIO BRAGA LIMA', 'EBBDABBBBACDBCCADABCBDBBC', '1111111100100011011111011', 18),
(293, '2024', '1', '7', '2', '7', '06621014', 'CAIO HENRIQUE MARCONDES DE OLIVEIRA PIRES', 'EBBDABBBCECDBBCEDABCBDBBC', '1111111111100110011111011', 20),
(294, '2024', '1', '7', '2', '7', '06621015', 'CAROLINA SALDANI VIEIRA', 'EBBDABBBCECEDBEEDABCBDBBC', '1111111111111100011111011', 21),
(295, '2024', '1', '7', '2', '7', '06621078', 'DANIEL OLIVEIRA MATTOS', 'EBBDABBBCECEDBEEDABCBDBBC', '1111111111111100011111011', 21),
(296, '2024', '1', '7', '2', '7', '06622550', 'DANILA BLANCO DE CARVALHO', 'EBBDABDBCECEDBACEABCBDBBA', '1111110111111100011111010', 19),
(297, '2024', '1', '7', '2', '7', '06621565', 'DANILA TERZIOGLO DOGNANI', 'EBBDABBBCECEEBEEDABCBDBBC', '1111111111110100011111011', 20),
(298, '2024', '1', '7', '2', '7', '06621017', 'EDUARDA RODRIGUES FERRAZ DE MELO', 'EBBDEBBBDECCDCCEBCBCBDDEB', '1111011101101010101111100', 17),
(299, '2024', '1', '7', '2', '7', '06621022', 'FERNANDA GARCIA', 'EBBDABBBCECEDBEEDABCBDBBC', '1111111111111100011111011', 21),
(300, '2024', '1', '7', '2', '7', '06621070', 'GABRIEL FAGUNDES DE OLIVEIRA', 'EBBDABBBCECEDBEEDABCBDBBC', '1111111111111100011111011', 21),
(301, '2024', '1', '7', '2', '7', '06621025', 'GABRIEL SOLON FERREIRA', 'EBBDABBBCACDDCBECADBBAABA', '1111111110101000010010010', 14),
(302, '2024', '1', '7', '2', '7', '06621090', 'GABRIELA ALVES SILVA DIAS', 'EBBDABBBCEAEABEEDABCBDBBC', '1111111111010100011111011', 19),
(303, '2024', '1', '7', '2', '7', '06621026', 'GABRIELA CRISTINA SILVA', 'EBBDABBBCECEDCAEDABCBDBBA', '1111111111111000011111010', 19),
(304, '2024', '1', '7', '2', '7', '06621027', 'GABRIELA FERREIRA MESTRINEL', 'EBBBABBBCEAEDBEDDABBBDBBC', '1110111111011100011011011', 18),
(305, '2024', '1', '7', '2', '7', '06621028', 'GABRIELA GIMENES GARCIA', 'ECBAABBBCBCEECCEDABCBDBBC', '1010111110110010011111011', 17),
(306, '2024', '1', '7', '2', '7', '06621092', 'GIOVANA RAVAGNANI SEMENSATO', 'EBBDABBBCECEDBEEDABCBDBBA', '1111111111111100011111010', 20),
(307, '2024', '1', '7', '2', '7', '06621029', 'GIOVANNA FERRAZ ZUCOLOTO', 'EBBDABBBCECEDBEEDABCCDBBC', '1111111111111100011101011', 20),
(308, '2024', '1', '7', '2', '7', '06621030', 'GIOVANNA ROBERTA PAPACIDRO', 'EBBDABBBCECEDBEEDABCBDBBC', '1111111111111100011111011', 21),
(309, '2024', '1', '7', '2', '7', '06621031', 'GUILHERME MURARI FERRAZ CARLOMANHO', 'EBDDABBBDBCECCAADABCBDBBC', '1101111100110001011111011', 17),
(310, '2024', '1', '7', '2', '7', '06620101', 'GUILHERME ZANARDI MEDEIROS', 'EDBDABBBCECDDCCACCCDADDBA', '1011111111101011000001110', 16),
(311, '2024', '1', '7', '2', '7', '06622556', 'GUSTAVO COSTA FERRANTI', 'EBBDEBBACBCADCEEDABCBDBBC', '1111011010101000011111011', 16),
(312, '2024', '1', '7', '2', '7', '06621085', 'HELOISA GRAVENA BALDUINO DA SILVA', 'EBBDABBBCECEDCCEBABCBDBBC', '1111111111111010111111011', 22),
(313, '2024', '1', '7', '2', '7', '06623607', 'ISABELA COLLELA', 'EBBDABBBCECEDCCEBABCBDBBC', '1111111111111010111111011', 22),
(314, '2024', '1', '7', '2', '7', '06621088', 'ISABELA DE MORAES BERTOLINI MANO', 'EBBEABBBEBCEABCECAACBDBBA', '1110111100110110010111010', 16),
(315, '2024', '1', '7', '2', '7', '06621072', 'JACKELINE LOUISE RODERO', 'EBBDEBBBCECEDCCEBABCBDBBC', '1111011111111010111111011', 21),
(316, '2024', '1', '7', '2', '7', '06621034', 'JÉSSICA SOARES GOMES ACOSTA', 'EBBDABBBCECEDCCEBABCBDBBC', '1111111111111010111111011', 22),
(317, '2024', '1', '7', '2', '7', '06621038', 'JULIA RIBEIRO DE SOUZA', 'EBBDABBBCECEDCCEBABCBDBBC', '1111111111111010111111011', 22),
(318, '2024', '1', '7', '2', '7', '06621039', 'JULIANA JUSAN FERNANDES AZEVEDO', 'EBBDABABCBCEDCCEAAACBDBBC', '1111110110111010010111011', 18),
(319, '2024', '1', '7', '2', '7', '06621042', 'KAROLINE DE SOUZA QUEIROZ', 'EDBDADDBBBCDDCDDAABCBDBBA', '1011100100101000011111010', 13),
(320, '2024', '1', '7', '2', '7', '06621044', 'LARA CRISTINA DE CARVALHO MARIANO', 'EBBDABBBCECEDECABABCBDDBC', '1111111111111011111111111', 24),
(321, '2024', '1', '7', '2', '7', '06621046', 'LAURA VOLPI NASSIF', 'EBBDABBBCECEDCCEBABCBDBBC', '1111111111111010111111011', 22),
(322, '2024', '1', '7', '2', '7', '06621097', 'LAYANE PIMENTA BAIÃO', 'EBBDABBBCECCDECEAABCBDDEA', '1111111111101010011111100', 19),
(323, '2024', '1', '7', '2', '7', '06619137', 'LETÍCIA BRAZ JORDÃO', 'EBBDABBBCECEECEDBCBABADDA', '1111111111110000101010100', 16),
(324, '2024', '1', '7', '2', '7', '06621048', 'LETÍCIA CRISTINA SCARAPICCHIA MONTEIRO', 'EBBEABBBDECEDCCEBABCBDCBC', '1110111101111010111111011', 20),
(325, '2024', '1', '7', '2', '7', '06621050', 'LUCAS DELATORRE FURQUIM DE CAMPOS', 'EBBDABBBCECEDCCECABCBDBBA', '1111111111111010011111010', 20),
(326, '2024', '1', '7', '2', '7', '06621051', 'LUIZA RUAS MORETTI', 'EBBEEBBBCECEDCCEBABCEDDBA', '1110011111111010111101110', 19),
(327, '2024', '1', '7', '2', '7', '06621079', 'LUIZE BREDA DE QUEIROZ', 'EBBDABBBCECEDCCEBABCBDBBC', '1111111111111010111111011', 22),
(328, '2024', '1', '7', '2', '7', '06623602', 'MARIA JÚLIA PINHAL PACCHIONI', 'EBBDAABDABEBBCEECCBCBDBBA', '1111101000000000001111010', 11),
(329, '2024', '1', '7', '2', '7', '06621056', 'MARIANA TEIXEIRA FERNANDES', 'EBBDABDBDECCDCBEACBCBDBBC', '1111110101101000001111011', 16),
(330, '2024', '1', '7', '2', '7', '06621566', 'MARIO HENRIQUE ARRUDA VERZOLA', 'ABBDABDBDBCEDBCDBABCBDBBC', '0111110100111110111111011', 19),
(331, '2024', '1', '7', '2', '7', '06621058', 'MATHEUS HENRIQUE ROBETE', 'EBBDABBBCBCEDCAEBABCBDDBC', '1111111110111000111111111', 21),
(332, '2024', '1', '7', '2', '7', '06621100', 'PAULA SILVA SANT ANNA', 'EBBDABBBBBCDBCBEACBCBDDBA', '1111111100100000001111110', 15),
(333, '2024', '1', '7', '2', '7', '06621103', 'PEDRO FERNANDES ROSSI', 'EBBDABBBCBCEDCEADABCBDBBA', '1111111110111001011111010', 19),
(334, '2024', '1', '7', '2', '7', '06620108', 'PEDRO HENRIQUE TROSTDORF GONÇALVES', 'EBBDABBBCECEDBEEDABCBDBBC', '1111111111111100011111011', 21),
(335, '2024', '1', '7', '2', '7', '06621060', 'PEDRO PERI CUGLER MOREIRA', 'EBBBABABBDBCBBCECCBCBDBDA', '1110110100000110001111000', 12),
(336, '2024', '1', '7', '2', '7', '06621101', 'RAFAEL DONIZETE SILVA ADRIANO', 'EBBDABDBDEBEDDCACABCBDCBA', '1111110101011011011111010', 18),
(337, '2024', '1', '7', '2', '7', '06621099', 'SAMIR DUARTE ROTTA', 'EBBDABBBAECDBCAEBABCBDBBA', '1111111101100000111111010', 17),
(338, '2024', '1', '7', '2', '7', '06622554', 'SOFIA JUSTINO DE FREITAS', 'EBBDABBBCBCCEECEBAECEDDEC', '1111111110100010110101101', 17),
(339, '2024', '1', '7', '2', '7', '06621064', 'ÚRSULA DO NASCIMENTO ÁVILLA', 'EBBDABBBCECEDBEEDABCBDBBC', '1111111111111100011111011', 21),
(340, '2024', '1', '7', '2', '7', '06621065', 'VICTOR HUGO DANTAS PEREIRA', 'EBBDABBBCECEDABEBABDBDCBC', '1111111111111000111011011', 20),
(341, '2024', '1', '7', '2', '7', '06621074', 'VINICIUS MESQUITA ALVES', 'EBBDABBDCECEDBEEDABCBDBBA', '1111111011111100011111010', 19),
(342, '2024', '1', '7', '2', '7', '06621066', 'VITOR EMANUEL TADA IAMAGUISI', 'EBBDCABBCBCDDDCACABCBDBBA', '1111001110101011011111010', 17),
(343, '2024', '1', '7', '2', '7', '06621075', 'YNGRID MARIA OLIVEIRA SOARES', 'EBBDABBBDBCEACEEDABCBDBBA', '1111111100110000011111010', 16),
(344, '2024', '1', '7', '2', '8', '06621083', 'ALEXANDRE VILELA DE MELO', 'BBBADAAADBDDBCBEDBACDCECE', '1001100001100111111111000', 14),
(345, '2024', '1', '7', '2', '8', '06621001', 'ALVARO LUIS PINHEIRO LOPES', 'DAEADEADABDBBCBEDBACDCCED', '0101100101110111111111011', 18),
(346, '2024', '1', '7', '2', '8', '06621096', 'AMANDA FERREIRA SANTOS', 'EABADEDECCDBDABEDBACDCEED', '0101100010110011111111011', 16),
(347, '2024', '1', '7', '2', '8', '06621089', 'ANA BEATRIZ TRENTIN DE MOURA ZAGO', 'DABADEAACBDBBCBEDBABDCACB', '0101100011110111111011100', 16),
(348, '2024', '1', '7', '2', '8', '06621002', 'ANA CLARA LONCHI BRETAS', 'EABADABACBDBBCBEDBACDCC*D', '0101100011110111111111001', 17),
(349, '2024', '1', '7', '2', '8', '06618075', 'ANA FLÁVIA DE OLIVEIRA ESCALHAR', 'BABADCAACBDBACCEDBACDCCBD', '1101110011111101111111001', 19),
(350, '2024', '1', '7', '2', '8', '06621004', 'ANA JÚLIA DA SILVA', 'BABADCAACBDBACBEDBACDCCED', '1101110011111111111111011', 21),
(351, '2024', '1', '7', '2', '8', '06621081', 'ANA LAURA BORTOLINI COSTA', 'BBBABCAACBDBACBEDBACDCCED', '1001010011111111111111011', 19),
(352, '2024', '1', '7', '2', '8', '06621006', 'ANA LAURA FARDIN MOMESSO', 'BABADADACADBBCBEDBACDCCED', '1101100010110111111111011', 18),
(353, '2024', '1', '7', '2', '8', '06621007', 'ANDRÉ TIOSSO KARASAUSKAS', 'BABADAADCBDBACBEDBACDCEED', '1101100111111111111111011', 21),
(354, '2024', '1', '7', '2', '8', '06621009', 'AUREA CRISTINA CANDIDO DE OLIVEIRA', 'DABADEAACBDBAABEDBABDCCCB', '0101100011111011111011000', 15),
(355, '2024', '1', '7', '2', '8', '06621010', 'BEATRIZ BICHARA MEDEIROS', 'BABADAAACBDBACBEDBACDCEED', '1101100011111111111111011', 20),
(356, '2024', '1', '7', '2', '8', '06621094', 'BEATRIZ COSTA', 'EABADAEACCDBBCBEDBACDCCED', '0101101010110111111111011', 18),
(357, '2024', '1', '7', '2', '8', '06621077', 'BRUNA BORGES ROSSI', 'BBBADCBACBDBACBEDBACDCCED', '1001110011111111111111011', 20),
(358, '2024', '1', '7', '2', '8', '06622600', 'BRUNA GUAZZELLI VIDAL', 'BABABCAACCDBBCBEDBACDCEED', '1101010010110111111111011', 18),
(359, '2024', '1', '7', '2', '8', '06621071', 'CAIO BRAGA LIMA', 'BABADAAACBDBACBEDBACDCEED', '1101100011111111111111011', 20),
(360, '2024', '1', '7', '2', '8', '06621014', 'CAIO HENRIQUE MARCONDES DE OLIVEIRA PIRES', 'BABADAAACBDBACBEDBACDCEED', '1101100011111111111111011', 20),
(361, '2024', '1', '7', '2', '8', '06622556', 'GUSTAVO COSTA FERRANTI', 'BABADAEDAADDBCBEDBABDCEED', '1101101100100111111011011', 17),
(362, '2024', '1', '7', '2', '8', '06621085', 'HELOISA GRAVENA BALDUINO DA SILVA', 'BBBADEADCBDBBCBEDBACDCAED', '1001100111110111111111111', 20),
(363, '2024', '1', '7', '2', '8', '06623607', 'ISABELA COLLELA', 'BBBADAADCBDBBCBEDBACDCAEC', '1001100111110111111111110', 19),
(364, '2024', '1', '7', '2', '8', '06621088', 'ISABELA DE MORAES BERTOLINI MANO', 'BADADCADCADBACBEDBACECAED', '1111110110111111111101111', 22),
(365, '2024', '1', '7', '2', '8', '06621072', 'JACKELINE LOUISE RODERO', 'BBBADEDACBDBBCBEDBACDCAEE', '1001100011110111111111110', 18),
(366, '2024', '1', '7', '2', '8', '06621034', 'JÉSSICA SOARES GOMES ACOSTA', 'BBBADAADCBDBBCBEDBACDCAED', '1001100111110111111111111', 20),
(367, '2024', '1', '7', '2', '8', '06621038', 'JULIA RIBEIRO DE SOUZA', 'BBBADEADCBDBBCBEDBACDCAED', '1001100111110111111111111', 20),
(368, '2024', '1', '7', '2', '8', '06621039', 'JULIANA JUSAN FERNANDES AZEVEDO', 'BBACDADDABDBACBEDBAEDCCCB', '1000100101111111111011000', 15);
INSERT INTO `resultados` (`id`, `ano`, `semestre`, `modulo`, `pci`, `id_pci`, `ra`, `nome`, `respostas`, `correcao`, `acertos`) VALUES
(369, '2024', '1', '7', '2', '8', '06621042', 'KAROLINE DE SOUZA QUEIROZ', 'CABADBBADBDBBCBEDBACDCCCE', '0101100001110111111111000', 15),
(370, '2024', '1', '7', '2', '8', '06621044', 'LARA CRISTINA DE CARVALHO MARIANO', 'BBBADCEDCBDBACBEDBACDCCED', '1001111111111111111111011', 22),
(371, '2024', '1', '7', '2', '8', '06621046', 'LAURA VOLPI NASSIF', 'BBBADEADCBDBBCBEDBACDCAED', '1001100111110111111111111', 20),
(372, '2024', '1', '7', '2', '8', '06621097', 'LAYANE PIMENTA BAIÃO', 'CADABCDDABDBACBEDBACDCAED', '0111010101111111111111111', 21),
(373, '2024', '1', '7', '2', '8', '06619137', 'LETÍCIA BRAZ JORDÃO', 'BBBADAADCBDBBCBEDBACDCEED', '1001100111110111111111011', 19),
(374, '2024', '1', '7', '2', '8', '06621048', 'LETÍCIA CRISTINA SCARAPICCHIA MONTEIRO', 'BBBADCADCBDBBCBEDBACDCAED', '1001110111110111111111111', 21),
(375, '2024', '1', '7', '2', '8', '06621050', 'LUCAS DELATORRE FURQUIM DE CAMPOS', 'BBBADAADCBDBACBEDBACDCAED', '1001100111111111111111111', 21),
(376, '2024', '1', '7', '2', '8', '06621051', 'LUIZA RUAS MORETTI', 'BABADAADCBDCBCBEDBACDCAED', '1101100111100111111111111', 20),
(377, '2024', '1', '7', '2', '8', '06621079', 'LUIZE BREDA DE QUEIROZ', 'BBBADAADCBDBBCBEDBACDCAED', '1001100111110111111111111', 20),
(378, '2024', '1', '7', '2', '8', '06621015', 'CAROLINA SALDANI VIEIRA', 'BCBADAEDCBDBBCBEDBACDCEED', '1001101111110111111111011', 20),
(379, '2024', '1', '7', '2', '8', '06621078', 'DANIEL OLIVEIRA MATTOS', 'DABADAEDCBDBBCBEDBACDCEED', '0101101111110111111111011', 20),
(380, '2024', '1', '7', '2', '8', '06622550', 'DANILA BLANCO DE CARVALHO', 'DABADCEDCBDBACBEDBACDBAED', '0101111111111111111110111', 22),
(381, '2024', '1', '7', '2', '8', '06621565', 'DANILA TERZIOGLO DOGNANI', 'DABADEEDCBDBACBEDBACDCEED', '0101101111111111111111011', 21),
(382, '2024', '1', '7', '2', '8', '06621017', 'EDUARDA RODRIGUES FERRAZ DE MELO', 'DAAADAADCBABACBEDBACDBAED', '0101100111011111111110111', 19),
(383, '2024', '1', '7', '2', '8', '06621022', 'FERNANDA GARCIA', 'DABADAEDCBDBBCBEDBACDCEED', '0101101111110111111111011', 20),
(384, '2024', '1', '7', '2', '8', '06621070', 'GABRIEL FAGUNDES DE OLIVEIRA', 'BABADCEDCBDBBCBEDBACDCEED', '1101111111110111111111011', 22),
(385, '2024', '1', '7', '2', '8', '06621025', 'GABRIEL SOLON FERREIRA', 'BABADEAACBDBBCBEDBACDCABB', '1101100011110111111111100', 18),
(386, '2024', '1', '7', '2', '8', '06621090', 'GABRIELA ALVES SILVA DIAS', 'BABADEEDCBABBCBEDBACDCAED', '1101101111010111111111111', 21),
(387, '2024', '1', '7', '2', '8', '06621026', 'GABRIELA CRISTINA SILVA', 'DBBADEEDCBDBACBEDBACDCEED', '0001101111111111111111011', 20),
(388, '2024', '1', '7', '2', '8', '06621027', 'GABRIELA FERREIRA MESTRINEL', 'DDBADEEDCBDBACBEDBACDCEED', '0001101111111111111111011', 20),
(389, '2024', '1', '7', '2', '8', '06621028', 'GABRIELA GIMENES GARCIA', 'ECBADEADCBDBACBEDBACDCCCD', '0001100111111111111111001', 18),
(390, '2024', '1', '7', '2', '8', '06621092', 'GIOVANA RAVAGNANI SEMENSATO', 'BABADAEACADBBCBEDBACDCEED', '1101101010110111111111011', 19),
(391, '2024', '1', '7', '2', '8', '06621029', 'GIOVANNA FERRAZ ZUCOLOTO', 'BABADCEDCBDBBCBEDBACDCEED', '1101111111110111111111011', 22),
(392, '2024', '1', '7', '2', '8', '06621030', 'GIOVANNA ROBERTA PAPACIDRO', 'DABADAEACADBBCBEDBACDCEED', '0101101010110111111111011', 18),
(393, '2024', '1', '7', '2', '8', '06621031', 'GUILHERME MURARI FERRAZ CARLOMANHO', 'BABADCEDCBDBBCBEDBACDCCED', '1101111111110111111111011', 22),
(394, '2024', '1', '7', '2', '8', '06620101', 'GUILHERME ZANARDI MEDEIROS', 'BABADEEDCBDBBCBEDBACDCEED', '1101101111110111111111011', 21),
(395, '2024', '1', '7', '2', '8', '06623602', 'MARIA JÚLIA PINHAL PACCHIONI', 'BABADAEDABDBBCBEDBACBCEAD', '1101101101110111111101001', 18),
(396, '2024', '1', '7', '2', '8', '06621056', 'MARIANA TEIXEIRA FERNANDES', 'BCBADCEDCBDBECBEDBACDCEED', '1001111111110111111111011', 21),
(397, '2024', '1', '7', '2', '8', '06621566', 'MARIO HENRIQUE ARRUDA VERZOLA', 'BABADAEDCBDBBCBEDBABDCBED', '1101101111110111111011011', 20),
(398, '2024', '1', '7', '2', '8', '06621058', 'MATHEUS HENRIQUE ROBETE', 'EBDADCADCBDBBCBEDBACDCCCD', '0011110111110111111111001', 19),
(399, '2024', '1', '7', '2', '8', '06621100', 'PAULA SILVA SANT ANNA', 'BBBAACEDCBDBACBEDBACDCCAD', '1001011111111111111111001', 20),
(400, '2024', '1', '7', '2', '8', '06621103', 'PEDRO FERNANDES ROSSI', 'DCBADECDAADBACBEDBACDCCAD', '0001100100111111111111001', 16),
(401, '2024', '1', '7', '2', '8', '06620108', 'PEDRO HENRIQUE TROSTDORF GONÇALVES', 'BABADEEDCBDBBCBEDBACDCEED', '1101101111110111111111011', 21),
(402, '2024', '1', '7', '2', '8', '06621060', 'PEDRO PERI CUGLER MOREIRA', 'BBBADEDDCBDBACBEDBACECDEB', '1001100111111111111101010', 18),
(403, '2024', '1', '7', '2', '8', '06621101', 'RAFAEL DONIZETE SILVA ADRIANO', 'DBAADCEBAADCBCBEDBACDCCCD', '0001111000100111111111001', 15),
(404, '2024', '1', '7', '2', '8', '06621099', 'SAMIR DUARTE ROTTA', 'DCBADDEABADBACBEDBACDCCCD', '0001101000111111111111001', 16),
(405, '2024', '1', '7', '2', '8', '06622554', 'SOFIA JUSTINO DE FREITAS', 'BADADADDCBDBACBEDBACDCAEB', '1111100111111111111111110', 22),
(406, '2024', '1', '7', '2', '8', '06621064', 'ÚRSULA DO NASCIMENTO ÁVILLA', 'BABADAEDCBDBBCBEDBACDCEED', '1101101111110111111111011', 21),
(407, '2024', '1', '7', '2', '8', '06621065', 'VICTOR HUGO DANTAS PEREIRA', 'DCBBDCEDBBDBACBEDBACDCAED', '0000111101111111111111111', 20),
(408, '2024', '1', '7', '2', '8', '06621074', 'VINICIUS MESQUITA ALVES', 'BABADEEDCBDBBCBEDBACDCACD', '1101101111110111111111101', 21),
(409, '2024', '1', '7', '2', '8', '06621066', 'VITOR EMANUEL TADA IAMAGUISI', 'BCDADAADABDBACBEDBAEDCCED', '1011100101111111111011011', 19),
(410, '2024', '1', '7', '2', '8', '06621075', 'YNGRID MARIA OLIVEIRA SOARES', 'BABADAEDCADBBCBEDBACDCCCD', '1101101110110111111111001', 19),
(411, '2024', '1', '8', '2', '5', '06620157', 'ADEMIR PAVINI JUNIOR', 'DDEDCDDAADBDDBDBCBDBBBAAC', '0011111011111111111100010', 18),
(412, '2024', '1', '8', '2', '5', '06620175', 'ADRIEL SOUZA PEREIRA DA SILVA', 'DCEDCDDBADBDDBDBCBDBBBBAA', '0111111011111111111100111', 21),
(413, '2024', '1', '8', '2', '5', '06620096', 'ALEXSANDRA RUFINO', 'DCEDCDDCADBDDBDBCBDBBBDAC', '0111111111111111111100010', 20),
(414, '2024', '1', '8', '2', '5', '06620166', 'ALICE SCAGLIONE DOS SANTOS', 'DDEDCDCBADBDDBDBCBDBBBBAA', '0011110011111111111100111', 19),
(415, '2024', '1', '8', '2', '5', '06620097', 'ALINE RIBEIRO MARTINS', 'CDECCBDBADBDDBDBCBDBCBBAC', '0010101011111111111110110', 18),
(416, '2024', '1', '8', '2', '5', '06620120', 'ANA CAROLINA DE OLIVEIRA ZUKOVSKI', 'DDEDCDDBADBDDBDBCBDBBBAAA', '0011111011111111111100011', 19),
(417, '2024', '1', '8', '2', '5', '06620121', 'ANA LETÍCIA BETTONI', 'DDEDCDDBADBDDBDBCBDBBBBAB', '0011111011111111111100110', 19),
(418, '2024', '1', '8', '2', '5', '06620098', 'ANTONIO JUNIO CORREA DE SOUSA', 'DDEDCDCBADBDDBDBCBDBBBBAA', '0011110011111111111100111', 19),
(419, '2024', '1', '8', '2', '5', '06620139', 'ANYARA DE MORAES BRITO', 'DCDCCCDAADBDDBDBCBDCCBBAB', '0100101011111111111010110', 17),
(420, '2024', '1', '8', '2', '5', '06620140', 'ARTHUR HENRIQUE ZILI', 'DDEDCDCBADBDDBDBCBDBBBBAA', '0011110011111111111100111', 19),
(421, '2024', '1', '8', '2', '5', '06619092', 'BARBARA OLIVEIRA MARTINEZ', 'CCEDCDDCADBDDBDBCBDBBBBAD', '0111111111111111111100110', 21),
(422, '2024', '1', '8', '2', '5', '06621569', 'BARBARA SEMEGHINI CAPUTO', 'CCECCDDCADBDDBDBCBDBBBBAD', '0110111111111111111100110', 20),
(423, '2024', '1', '8', '2', '5', '06620122', 'BEATRIZ BESSI PRADO', 'CCEDCDDCADBDDBDBCBDBBBBAD', '0111111111111111111100110', 21),
(424, '2024', '1', '8', '2', '5', '06620123', 'BRUNA COLOMBO BAPTISTA', 'DCECCBCAADBDDBDCCBDCBBBA*', '0110100011111110111000110', 15),
(425, '2024', '1', '8', '2', '5', '06620086', 'BRYDA BARRETO CUNHA', 'CCECCBDCADBDDBDBCBDBBBBAD', '0110101111111111111100110', 19),
(426, '2024', '1', '8', '2', '5', '06620170', 'CAIO DIDONÉ VALLORY', 'DDEDCDDBADBDDBDBCBDBBBAAA', '0011111011111111111100011', 19),
(427, '2024', '1', '8', '2', '5', '06620012', 'CAMILA ASSIS DE ARAUJO', 'CDECCBDBADBDDBDBCBDBCBBAC', '0010101011111111111110110', 18),
(428, '2024', '1', '8', '2', '5', '06620151', 'CARLOS GABRIEL PIRES', 'EDBDADDDADBDDBDBCBDCBBCAB', '1001011011111111111000010', 16),
(429, '2024', '1', '8', '2', '5', '06620171', 'CARLOS GILBERTO MASSARI FILHO', 'EDDDBDDBADBDDBDBCBDBBBAAB', '1001011011111111111100010', 17),
(430, '2024', '1', '8', '2', '5', '06620141', 'CECÍLIA BARACAT MAGALHÃES', 'EDDDBBDCADBDDBDBCBDBBBBAC', '1001001111111111111100110', 18),
(431, '2024', '1', '8', '2', '5', '06620163', 'CLARISSE RIGON MALLACO', 'EDDCCDDCADBDDBDBCBDBBBAAB', '1000111111111111111100010', 18),
(432, '2024', '1', '8', '2', '5', '06620124', 'DENILSON DONIZETI TEIXEIRA JUNIOR', 'EDDCCADDADBDDBDCCBDBBBBAB', '1000101011111110111100110', 16),
(433, '2024', '1', '8', '2', '5', '06620100', 'FLAVIO AUGUSTO ALVES MANGILI', 'EDEDCDDCADBDDBDBCBDBBBBAB', '1011111111111111111100110', 21),
(434, '2024', '1', '8', '2', '5', '06620142', 'GIOVANA DI IORIO BELLAROSA', 'EDDCCBDBADBDDBDBCBDBBBAAB', '1000101011111111111100010', 16),
(435, '2024', '1', '8', '2', '5', '06620125', 'GIOVANA SALARO BOTELHO', 'EDDDCDDBADBDDBDBCBDBBBAAE', '1001111011111111111100010', 18),
(436, '2024', '1', '8', '2', '5', '06621556', 'GIULIA GIACOMETTI ROSSI', 'EDDCCDDDADBDDBDBCBDBBBAAE', '1000111011111111111100010', 17),
(437, '2024', '1', '8', '2', '5', '06622604', 'GUSTAVO GONÇALVES BARBOSA DE OLIVEIRA', 'ACDDCDDCADBDDBDBCBDBBBBAE', '0101111111111111111100110', 20),
(438, '2024', '1', '8', '2', '5', '06620126', 'HENRIQUE NEVES RAVENNA PICAZO', 'EDEDCDDBADBDDBDBCBDBBBAAE', '1011111011111111111100010', 19),
(439, '2024', '1', '8', '2', '5', '06620111', 'HUGO RIGHI', 'ECDDCDDAADBDDBDBCBDBBBBAD', '1101111011111111111100110', 20),
(440, '2024', '1', '8', '2', '5', '06620112', 'IAN RABELLO BARTOLOMEI', 'EDEDBDDCADBDDBDBCBDBBBAAC', '1011011111111111111100010', 19),
(441, '2024', '1', '8', '2', '5', '06620167', 'ISABELA DA SILVA SPADÃO', 'EDEDCDCAADBDDBDBCBDBBBAAC', '1011110011111111111100010', 18),
(442, '2024', '1', '8', '2', '5', '06620128', 'ISABELLA DE CARVALHO MOLINA', 'EDEDCEDAADBDDBDBCBDBBEAAE', '1011101011111111111101010', 19),
(443, '2024', '1', '8', '2', '5', '06620129', 'ISABELLA SILVA PREMERO', 'EDDCCBDBADBDDBDBCBDBBBAAB', '1000101011111111111100010', 16),
(444, '2024', '1', '8', '2', '5', '06620102', 'ISADORA MEIRELLES RESENDE', 'EDEDCDDBADBDDBDBCBDBBEAAA', '1011111011111111111101011', 21),
(445, '2024', '1', '8', '2', '5', '06620114', 'JOÃO LUCAS VAZ SILVA', 'DCEDCDCAADBDDBDBCBDBBBDEB', '0111110011111111111100000', 17),
(446, '2024', '1', '8', '2', '5', '06621564', 'JOÃO VICTOR VICTÓRIO DUÓ', 'EDEDCDCCADBDDBDBCBDBBBBAB', '1011110111111111111100110', 20),
(447, '2024', '1', '8', '2', '5', '06620130', 'JULIA CAMARGO OSTROWSKY', 'BDEDCDDBADBDDBDBCBDBBBBAA', '0011111011111111111100111', 20),
(448, '2024', '1', '8', '2', '5', '06620103', 'JULIA LEMOS CARRASCOZA', 'EDEDCDDAADBDDBDBCBDBBBBAC', '1011111011111111111100110', 20),
(449, '2024', '1', '8', '2', '5', '06620131', 'JÚLIA LIBERATTI CATALANI', 'DDDCCCCBADBDDBDBCBDBBBAAB', '0000100011111111111100010', 14),
(450, '2024', '1', '8', '2', '5', '06620160', 'JULIANA SPINOLA SALINAS', 'EDDDCDDBADBDDBDBCBDBBBBAC', '1001111011111111111100110', 19),
(451, '2024', '1', '8', '2', '5', '06620132', 'LARISSA GONÇALVES PINTO', 'DDDACCDCADBDDBDBCBDBBBDAC', '0000101111111111111100010', 16),
(452, '2024', '1', '8', '2', '5', '06620143', 'LETÍCIA SIQUEIRA DOS SANTOS', 'ECEDCCDAADBDDBDBCBDBBBBAC', '1111101011111111111100110', 20),
(453, '2024', '1', '8', '2', '5', '06620144', 'LÍVIA LINO POLLETTINI', 'EDDDCADBADBDDBDCCBDBBBBAB', '1001101011111110111100110', 17),
(454, '2024', '1', '8', '2', '5', '06620133', 'LÍVIA ROJAS BRANDEMARTE', 'EDEDCDDAADBDDBDBCBDBBBBAC', '1011111011111111111100110', 20),
(455, '2024', '1', '8', '2', '5', '06620172', 'LUANA CAROLINA SILVA SANTOS', 'BDEDCDDBADBDDBDBCBDBBBBAB', '0011111011111111111100110', 19),
(456, '2024', '1', '8', '2', '5', '06620168', 'LUANA TAKEI', 'BDCBCDDBADBDDBDBCBDBBBBAB', '0000111011111111111100110', 17),
(457, '2024', '1', '8', '2', '5', '06620105', 'LUCAS ARIEL LOPES PIO', 'EDEDBADCADBDDBDBCBDBBBAAC', '1011001111111111111100010', 18),
(458, '2024', '1', '8', '2', '5', '06620154', 'LUCAS ASAFE SANTIAGO', 'BDEDBADBADBDDBDBCBDBBBBAB', '0011001011111111111100110', 17),
(459, '2024', '1', '8', '2', '5', '06620115', 'LUIS HENRIQUE CREPALDI BERTO', 'DCEDCDCCADBDDBDCCBDBBBBAB', '0111110111111110111100110', 19),
(460, '2024', '1', '8', '2', '5', '06620106', 'MARIA CAROLINE ZANQUETA', 'DDDDCCDCADBDDBDBCBDBCBDAC', '0001101111111111111110010', 18),
(461, '2024', '1', '8', '2', '5', '06620155', 'MARIA EDUARDA MENCK VIEIRA', 'EDEBBADCADBDDBDCBBDBBBAAC', '1010001111111110011100010', 15),
(462, '2024', '1', '8', '2', '5', '06620173', 'MARIA EDUARDA MOROTI RONCARI', 'ECDDCDDBADBDDBDBCBDBBBAAC', '1101111011111111111100010', 19),
(463, '2024', '1', '8', '2', '5', '06620161', 'MARIA EDUARDA POSSIDONIO DE SOUSA', 'ECDDCDDBADBDDBDBCBDBBBAAC', '1101111011111111111100010', 19),
(464, '2024', '1', '8', '2', '5', '06622602', 'MARIA EUGÊNIA PEREIRA E SILVA', 'ECDABDDBADBDDBDBCBDBCBBAD', '1100011011111111111110110', 19),
(465, '2024', '1', '8', '2', '5', '06620145', 'MARIA JULIA TONELOTTO BETTIN', 'CDDDCDDCADBDDBDBCBDBBBBAB', '0001111111111111111100110', 19),
(466, '2024', '1', '8', '2', '5', '06620146', 'MARIANA SCATENA GARCIA', 'EDEDCDCCADBDDBDBCBDBBBAAD', '1011110111111111111100010', 19),
(467, '2024', '1', '8', '2', '5', '06620156', 'MILENE DE OLIVEIRA SILVA', 'EDDDCDDCADBDDBDBCBDCBBBAD', '1001111111111111111000110', 19),
(468, '2024', '1', '8', '2', '5', '06620107', 'MONIQUE ANDRÉIA DE MIRA', 'EDDDCDDCADBDDBDBCBDCBBAAB', '1001111111111111111000010', 18),
(469, '2024', '1', '8', '2', '5', '06620162', 'PEDRO HENRIQUE RIBEIRO LOBO', 'ECEDCBDDADBDDBDBCBDBCBAAC', '1111101011111111111110010', 20),
(470, '2024', '1', '8', '2', '5', '06620136', 'RICARDO SISCAR IACHEL REINA', 'ECEDCDDCADBDDBDBCBDBBBAAD', '1111111111111111111100010', 21),
(471, '2024', '1', '8', '2', '5', '06620148', 'ROBERTA D ASSUNCÃO RODRIGUES', 'EDDDCDDCADBDDBDBCBDCBBBAE', '1001111111111111111000110', 19),
(472, '2024', '1', '8', '2', '5', '06620117', 'ROMANA ROMBALDI MARTINELLI', 'ECEDCDCCADBDDBDBCBDBBBAAD', '1111110111111111111100010', 20),
(473, '2024', '1', '8', '2', '5', '06620118', 'SAMANTHA SERRANO SILVA', 'CDDDBDCAADBDDBDBCBDBBBAAD', '0001010011111111111100010', 15),
(474, '2024', '1', '8', '2', '5', '06620109', 'THAÍS FRANCO SIMAS', 'EDEDCDDCADBDDBDBCBDBBBAAE', '1011111111111111111100010', 20),
(475, '2024', '1', '8', '2', '5', '06620110', 'THYAGO DE PAULA SOUZA SILVEIRA', 'DDDDCDDCADBDDBDBCBDCBBBAB', '0001111111111111111000110', 18),
(476, '2024', '1', '8', '2', '5', '06620164', 'VICTOR VACONDIO FACHINI', 'EDDDCADCADBDDBDBCBDBBBBAB', '1001101111111111111100110', 19),
(477, '2024', '1', '8', '2', '5', '06620174', 'VICTÓRIA CLEMENTE MALDONADO', 'ADDDBACCADBDDBDBCBDCBBCAD', '0001000111111111111000010', 14),
(478, '2024', '1', '8', '2', '5', '06620137', 'VICTÓRIA VOLPI', 'BCEDCDDBADBDDBDBCBDBCBAAC', '0111111011111111111110010', 20),
(479, '2024', '1', '8', '2', '5', '06620169', 'VINÍCIUS REIS SILVA', 'EDDDCDCCADBDDBDBCBDBBBBAC', '1001110111111111111100110', 19),
(480, '2024', '1', '8', '2', '5', '06620113', 'VITÓRIA BET', 'ECEDCCDCADBDDBDBCBDBBBAAC', '1111101111111111111100010', 20),
(481, '2024', '1', '8', '2', '5', '06620149', 'WESLEY CARLOS SILVA JUNIOR', 'CBEDCCDBADBDDBDBCBDBCBAAB', '0011101011111111111110010', 18),
(482, '2024', '1', '8', '2', '6', '06620157', 'ADEMIR PAVINI JUNIOR', 'EDDABCCACCBDCACDDCCBDCBCB', '1111111010000111010111111', 18),
(483, '2024', '1', '8', '2', '6', '06620175', 'ADRIEL SOUZA PEREIRA DA SILVA', 'EDDABCCCCBEABAADACDBDDBCB', '1111111111111101111110111', 23),
(484, '2024', '1', '8', '2', '6', '06620096', 'ALEXSANDRA RUFINO', 'ADDABCCCCCEABACDACDBDCBCB', '0111111110111111111111111', 23),
(485, '2024', '1', '8', '2', '6', '06620166', 'ALICE SCAGLIONE DOS SANTOS', 'EDDABCCCDBEEBACDAACBDCBCB', '1111111101101111100111111', 21),
(486, '2024', '1', '8', '2', '6', '06620097', 'ALINE RIBEIRO MARTINS', 'EDDABCCCCCBBCAADCACBDCCCB', '1111111110000101000111011', 16),
(487, '2024', '1', '8', '2', '6', '06620120', 'ANA CAROLINA DE OLIVEIRA ZUKOVSKI', 'EDDABCCCCBEEDACDACCBDCBCB', '1111111111100111110111111', 22),
(488, '2024', '1', '8', '2', '6', '06620121', 'ANA LETÍCIA BETTONI', 'EDDABCCCCBEEDACDACCBDCBCB', '1111111111100111110111111', 22),
(489, '2024', '1', '8', '2', '6', '06620098', 'ANTONIO JUNIO CORREA DE SOUSA', 'EDDABCCCCCECCACDACDBBCACB', '1111111110100111111101011', 20),
(490, '2024', '1', '8', '2', '6', '06620139', 'ANYARA DE MORAES BRITO', 'EDDABACCCCEABAEDDACBDCBCB', '1111101110111101000111111', 19),
(491, '2024', '1', '8', '2', '6', '06620140', 'ARTHUR HENRIQUE ZILI', 'EDDABCCCCBBEBACDACCBDCBCB', '1111111111001111110111111', 22),
(492, '2024', '1', '8', '2', '6', '06619092', 'BARBARA OLIVEIRA MARTINEZ', 'AADABCCACBBABCEDCADBDCBCB', '0011111011011001001111111', 17),
(493, '2024', '1', '8', '2', '6', '06621569', 'BARBARA SEMEGHINI CAPUTO', 'AADABCCACBBABCCDCACDDCBCB', '0011111011011011000011111', 16),
(494, '2024', '1', '8', '2', '6', '06620122', 'BEATRIZ BESSI PRADO', 'AADABCCACBBABCEDCADBDCBCB', '0011111011011001001111111', 17),
(495, '2024', '1', '8', '2', '6', '06620123', 'BRUNA COLOMBO BAPTISTA', 'CDAAAACAAAAABACDACDBDCCDB', '0101001000011111111111001', 15),
(496, '2024', '1', '8', '2', '6', '06620086', 'BRYDA BARRETO CUNHA', 'ABDABCDACEDABCCDCADBDCBCB', '0011110010011011001111111', 16),
(497, '2024', '1', '8', '2', '6', '06620170', 'CAIO DIDONÉ VALLORY', 'EDDABCCCCCADADCDACDBDCBCB', '1111111110000011111111111', 20),
(498, '2024', '1', '8', '2', '6', '06620012', 'CAMILA ASSIS DE ARAUJO', 'EDDABCCCCBBBCACDAACBDCCCB', '1111111111000111100111011', 19),
(499, '2024', '1', '8', '2', '6', '06620151', 'CARLOS GABRIEL PIRES', 'ADDABCCACDEADACDACCBDCBCB', '0111111010110111110111111', 20),
(500, '2024', '1', '8', '2', '6', '06620171', 'CARLOS GILBERTO MASSARI FILHO', 'EDDABCCCCDBDCAADCCDBDCBCB', '1111111110000101011111111', 19),
(501, '2024', '1', '8', '2', '6', '06620141', 'CECÍLIA BARACAT MAGALHÃES', 'CDDABCBCEBEEBACDCACBDCBCA', '0111110101101111000111110', 17),
(502, '2024', '1', '8', '2', '6', '06620163', 'CLARISSE RIGON MALLACO', 'EDDABCCCCCEAAACDCCDBDCBCB', '1111111110110111011111111', 22),
(503, '2024', '1', '8', '2', '6', '06620124', 'DENILSON DONIZETI TEIXEIRA JUNIOR', 'EDDABCCCCCEAAACDCCDBDCBCB', '1111111110110111011111111', 22),
(504, '2024', '1', '8', '2', '6', '06620100', 'FLAVIO AUGUSTO ALVES MANGILI', 'EDDABCCCCBCEBAADACDBDCBCB', '1111111111001101111111111', 22),
(505, '2024', '1', '8', '2', '6', '06620142', 'GIOVANA DI IORIO BELLAROSA', 'EDDABCCCCBEADACDCCDBDCBCB', '1111111111110111011111111', 23),
(506, '2024', '1', '8', '2', '6', '06620125', 'GIOVANA SALARO BOTELHO', 'EDDABCCCCBEADACDCCDBDCBCB', '1111111111110111011111111', 23),
(507, '2024', '1', '8', '2', '6', '06621556', 'GIULIA GIACOMETTI ROSSI', 'EDDABCCACBCBEAADACDBDCBCB', '1111111011000101111111111', 20),
(508, '2024', '1', '8', '2', '6', '06622604', 'GUSTAVO GONÇALVES BARBOSA DE OLIVEIRA', 'CDDABACCCBBABACDDCCBDCBDB', '0111101111011111010111101', 19),
(509, '2024', '1', '8', '2', '6', '06620126', 'HENRIQUE NEVES RAVENNA PICAZO', 'EDDABCCCCBDEBAADACDBDCBCB', '1111111111001101111111111', 22),
(510, '2024', '1', '8', '2', '6', '06620111', 'HUGO RIGHI', 'BDDABCCCABEAAAADACCBDCCCB', '0111111101110101110111011', 19),
(511, '2024', '1', '8', '2', '6', '06620112', 'IAN RABELLO BARTOLOMEI', 'EDDABCCACBEEBAADAADBDCBCB', '1111111011101101101111111', 21),
(512, '2024', '1', '8', '2', '6', '06620167', 'ISABELA DA SILVA SPADÃO', 'EDDABACCBBEADACDCCDBDCBCB', '1111101101110111011111111', 21),
(513, '2024', '1', '8', '2', '6', '06620128', 'ISABELLA DE CARVALHO MOLINA', 'EDDABACCBBEADACDCCDBDCCCB', '1111101101110111011111011', 20),
(514, '2024', '1', '8', '2', '6', '06620129', 'ISABELLA SILVA PREMERO', 'EDDABCCCCBEAAACDCCDBDCBCB', '1111111111110111011111111', 23),
(515, '2024', '1', '8', '2', '6', '06620102', 'ISADORA MEIRELLES RESENDE', 'EDDABCCECBEEBAADACDBDCBCB', '1111111011101101111111111', 22),
(516, '2024', '1', '8', '2', '6', '06620114', 'JOÃO LUCAS VAZ SILVA', 'CCDABCCABCEABACDADDBDCBCB', '0011111000111111101111111', 19),
(517, '2024', '1', '8', '2', '6', '06621564', 'JOÃO VICTOR VICTÓRIO DUÓ', 'EDDABCCCCBAEBAADACDBDCBCB', '1111111111001101111111111', 22),
(518, '2024', '1', '8', '2', '6', '06620130', 'JULIA CAMARGO OSTROWSKY', 'EDDABCCCEBEBBAADCCDBDCBCB', '1111111101101101011111111', 21),
(519, '2024', '1', '8', '2', '6', '06620103', 'JULIA LEMOS CARRASCOZA', 'EDDABACCBDEAAACDACDBDCCCB', '1111101100110111111111011', 20),
(520, '2024', '1', '8', '2', '6', '06620131', 'JÚLIA LIBERATTI CATALANI', 'CDDABCCCCDEDDAADACDBDCBCB', '0111111110100101111111111', 20),
(521, '2024', '1', '8', '2', '6', '06620160', 'JULIANA SPINOLA SALINAS', 'CDDABCCCCDEABACDACCBDCCCB', '0111111110111111110111011', 21),
(522, '2024', '1', '8', '2', '6', '06620132', 'LARISSA GONÇALVES PINTO', 'CDDABCCCCBEADACDAADBDCBCB', '0111111111110111101111111', 22),
(523, '2024', '1', '8', '2', '6', '06620143', 'LETÍCIA SIQUEIRA DOS SANTOS', 'EDDABCCCCBEABACDCCDBDCBCB', '1111111111111111011111111', 24),
(524, '2024', '1', '8', '2', '6', '06620144', 'LÍVIA LINO POLLETTINI', 'EDDABCCCCCAADACDACDBDCCCB', '1111111110010111111111011', 21),
(525, '2024', '1', '8', '2', '6', '06620133', 'LÍVIA ROJAS BRANDEMARTE', 'EDDABCCCCDEABACDACDBDCBCB', '1111111110111111111111111', 24),
(526, '2024', '1', '8', '2', '6', '06620172', 'LUANA CAROLINA SILVA SANTOS', 'EDDABCCCAAEABAADACDBDCBCB', '1111111100111101111111111', 22),
(527, '2024', '1', '8', '2', '6', '06620168', 'LUANA TAKEI', 'CDDABCCCCCEABAADDCDBDCBCB', '0111111110111101011111111', 21),
(528, '2024', '1', '8', '2', '6', '06620105', 'LUCAS ARIEL LOPES PIO', 'CDDABCCDCBEADACDACDBDCBCB', '0111111011110111111111111', 22),
(529, '2024', '1', '8', '2', '6', '06620154', 'LUCAS ASAFE SANTIAGO', 'EDDABCCCEBEBBAADBCDBDCBCB', '1111111101101101011111111', 21),
(530, '2024', '1', '8', '2', '6', '06620115', 'LUIS HENRIQUE CREPALDI BERTO', 'ADDABCCCCBEEDACDCCDDDCBCB', '0111111111100111011011111', 20),
(531, '2024', '1', '8', '2', '6', '06620106', 'MARIA CAROLINE ZANQUETA', 'EDDABCCCCCEEBAADDCDBDCCCB', '1111111110101101011111011', 20),
(532, '2024', '1', '8', '2', '6', '06620155', 'MARIA EDUARDA MENCK VIEIRA', 'EDDABACCCDAECACDDCDBDCBCB', '1111101110000111011111111', 19),
(533, '2024', '1', '8', '2', '6', '06620173', 'MARIA EDUARDA MOROTI RONCARI', 'EDDABCCCEEBEDAADCBDDDCBCB', '1111111100000101001011111', 16),
(534, '2024', '1', '8', '2', '6', '06620161', 'MARIA EDUARDA POSSIDONIO DE SOUSA', 'EDDABCCCEEBEDAADCBDDDCBCB', '1111111100000101001011111', 16),
(535, '2024', '1', '8', '2', '6', '06622602', 'MARIA EUGÊNIA PEREIRA E SILVA', 'EDDABCCCACBEBAADCBDBDCECB', '1111111100001101001111011', 17),
(536, '2024', '1', '8', '2', '6', '06620145', 'MARIA JULIA TONELOTTO BETTIN', 'ADDABCCCCBBAAACDACDBDCBCB', '0111111111010111111111111', 22),
(537, '2024', '1', '8', '2', '6', '06620146', 'MARIANA SCATENA GARCIA', 'CDDABCCCABEEBAADACDBDCBCB', '0111111101101101111111111', 21),
(538, '2024', '1', '8', '2', '6', '06620156', 'MILENE DE OLIVEIRA SILVA', 'CDDABCCCEBEBDACDACDBDCACB', '0111111101100111111111011', 20),
(539, '2024', '1', '8', '2', '6', '06620107', 'MONIQUE ANDRÉIA DE MIRA', 'ADDABCCCABBAAACDACDBDCBCB', '0111111101010111111111111', 21),
(540, '2024', '1', '8', '2', '6', '06620162', 'PEDRO HENRIQUE RIBEIRO LOBO', 'EDDABBCDCDBCCACDAADBDCBCB', '1111101010000111101111111', 18),
(541, '2024', '1', '8', '2', '6', '06620136', 'RICARDO SISCAR IACHEL REINA', 'EDDABACCCBEABACDCCDBCCBCB', '1111101111111111011101111', 22),
(542, '2024', '1', '8', '2', '6', '06620148', 'ROBERTA D ASSUNCÃO RODRIGUES', 'ADDABCCCABBAAAADACDBDCBCB', '0111111101010101111111111', 20),
(543, '2024', '1', '8', '2', '6', '06620117', 'ROMANA ROMBALDI MARTINELLI', 'EDDABCCCDBEABAADCCDBDCBCB', '1111111101111101011111111', 22),
(544, '2024', '1', '8', '2', '6', '06620118', 'SAMANTHA SERRANO SILVA', 'CDDABCCACBEAAACDACCBDCBCB', '0111111011110111110111111', 21),
(545, '2024', '1', '8', '2', '6', '06620109', 'THAÍS FRANCO SIMAS', 'EDDABCCADBEABACDCCDBDCCCB', '1111111001111111011111011', 21),
(546, '2024', '1', '8', '2', '6', '06620110', 'THYAGO DE PAULA SOUZA SILVEIRA', 'ADDABCCCABBAAAADACDBDCBCB', '0111111101010101111111111', 20),
(547, '2024', '1', '8', '2', '6', '06620164', 'VICTOR VACONDIO FACHINI', 'BCDABCCCDBEDCAADACDBDCCCB', '0011111101100101111111011', 18),
(548, '2024', '1', '8', '2', '6', '06620174', 'VICTÓRIA CLEMENTE MALDONADO', 'ADDABCCCABBAAACDACDBDCBCB', '0111111101010111111111111', 21),
(549, '2024', '1', '8', '2', '6', '06620137', 'VICTÓRIA VOLPI', 'CDDABCCCCBEABAADACDBDCCCB', '0111111111111101111111011', 22),
(550, '2024', '1', '8', '2', '6', '06620169', 'VINÍCIUS REIS SILVA', 'ADDABCCCABBAAAADACDBDCBCB', '0111111101010101111111111', 20),
(551, '2024', '1', '8', '2', '6', '06620113', 'VITÓRIA BET', 'CDDABCCCCBEABAADACDBDCCCB', '0111111111111101111111011', 22),
(552, '2024', '1', '8', '2', '6', '06620149', 'WESLEY CARLOS SILVA JUNIOR', 'ADDABCCCABBAAAADACDBDCBCB', '0111111101010101111111111', 20);

-- --------------------------------------------------------

--
-- Estrutura para tabela `usuarios`
--

CREATE TABLE `usuarios` (
  `id` int(11) NOT NULL,
  `nome` varchar(100) NOT NULL,
  `email` varchar(100) NOT NULL,
  `senha` varchar(50) NOT NULL
) ENGINE=InnoDB DEFAULT CHARSET=utf8mb4 COLLATE=utf8mb4_unicode_ci;

--
-- Despejando dados para a tabela `usuarios`
--

INSERT INTO `usuarios` (`id`, `nome`, `email`, `senha`) VALUES
(1, 'João Henrique Gião Borges', 'jhgborges@uniara.edu.br', 'jh29clm');

--
-- Índices para tabelas despejadas
--

--
-- Índices de tabela `alunos`
--
ALTER TABLE `alunos`
  ADD PRIMARY KEY (`id`);

--
-- Índices de tabela `areas`
--
ALTER TABLE `areas`
  ADD PRIMARY KEY (`id`);

--
-- Índices de tabela `avaliacoes`
--
ALTER TABLE `avaliacoes`
  ADD PRIMARY KEY (`id`);

--
-- Índices de tabela `de_para`
--
ALTER TABLE `de_para`
  ADD PRIMARY KEY (`id`);

--
-- Índices de tabela `resultados`
--
ALTER TABLE `resultados`
  ADD PRIMARY KEY (`id`);

--
-- Índices de tabela `usuarios`
--
ALTER TABLE `usuarios`
  ADD PRIMARY KEY (`id`);

--
-- AUTO_INCREMENT para tabelas despejadas
--

--
-- AUTO_INCREMENT de tabela `alunos`
--
ALTER TABLE `alunos`
  MODIFY `id` int(11) NOT NULL AUTO_INCREMENT, AUTO_INCREMENT=139;

--
-- AUTO_INCREMENT de tabela `areas`
--
ALTER TABLE `areas`
  MODIFY `id` int(11) NOT NULL AUTO_INCREMENT, AUTO_INCREMENT=19;

--
-- AUTO_INCREMENT de tabela `avaliacoes`
--
ALTER TABLE `avaliacoes`
  MODIFY `id` int(11) NOT NULL AUTO_INCREMENT, AUTO_INCREMENT=9;

--
-- AUTO_INCREMENT de tabela `de_para`
--
ALTER TABLE `de_para`
  MODIFY `id` int(11) NOT NULL AUTO_INCREMENT, AUTO_INCREMENT=201;

--
-- AUTO_INCREMENT de tabela `resultados`
--
ALTER TABLE `resultados`
  MODIFY `id` int(11) NOT NULL AUTO_INCREMENT, AUTO_INCREMENT=553;

--
-- AUTO_INCREMENT de tabela `usuarios`
--
ALTER TABLE `usuarios`
  MODIFY `id` int(11) NOT NULL AUTO_INCREMENT, AUTO_INCREMENT=2;
COMMIT;

/*!40101 SET CHARACTER_SET_CLIENT=@OLD_CHARACTER_SET_CLIENT */;
/*!40101 SET CHARACTER_SET_RESULTS=@OLD_CHARACTER_SET_RESULTS */;
/*!40101 SET COLLATION_CONNECTION=@OLD_COLLATION_CONNECTION */;
